id,site_id,title,seller_id,price,date_created,last_updated
MLA1390903113,MLA,Chromecast Google Tv Hd 8gb 2gb Ram 60 Fps Wifi Bluetooth Hdmi 4ta Gen Blanco,512225720,73599.0,2023-10-02T14:41:36.000Z,2024-02-28T16:52:01.000Z
MLA914388954,MLA,Google Chromecast With Google Tv De Voz 4.ª Generación 4k 8gb Snow Con 2gb De Memoria Ram,499786196,92499.0,2021-04-01T20:56:07.000Z,2024-02-28T12:52:06.000Z
MLA1404474477,MLA,Chromecast Google Tv Hd 8gb 2gb Ram 60 Fps Wifi Bluetooth Hdmi 4ta Gen Blanco,1226489690,69999.0,2024-01-25T20:39:18.000Z,2024-02-28T16:52:07.000Z
MLA1391964105,MLA,Onn Uhd Streaming 4k 2 Gb Ram Google Tv 2023 Color Negro Tipo De Control Remoto Control De Voz,207056678,71333.0,2023-10-11T00:15:46.000Z,2024-02-28T16:19:00.000Z
MLA1157311519,MLA,Google Chromecast With Google Tv Ga01919-us De Voz 4.ª Generación 4k 8gb Sky Con 2gb De Memoria Ram,9198894,95409.06,2022-08-24T19:09:01.000Z,2024-02-28T15:44:31.000Z
MLA1684751338,MLA,Google Chromecast 3ra Gen,262582139,56799.0,2024-02-28T13:42:35.000Z,2024-02-28T16:15:20.000Z
MLA1411002341,MLA,Google Chromecast Con Google Tv Hd - Blanco,144027037,71834.0,2024-02-21T15:49:46.000Z,2024-02-28T12:52:04.000Z
MLA1512421130,MLA,Google Chromecast Hd,226165538,76800.0,2023-09-20T14:11:34.000Z,2024-02-28T16:52:25.531Z
MLA1664307948,MLA,Google Chromecast With Google Tv Ga01919-us De Voz 4.ª Generación 4k 8gb Sunrise Con 2gb De Memoria Ram,148613909,92355.0,2024-02-09T16:40:25.000Z,2024-02-28T16:47:56.033Z
MLA1116497725,MLA,Google Chromecast 2.ª Generación Full Hd 256mb Negro Con 512mb De Memoria Ram,309453406,59990.0,2021-12-18T13:05:42.000Z,2024-02-28T16:19:26.754Z
MLA885080643,MLA,Xiaomi Mi Tv Stick Full Hd 8gb C/control Netflix - Amazon Color Negro,257077964,121999.0,2020-10-23T08:49:56.000Z,2024-02-28T14:34:45.000Z
MLA1412054469,MLA,Google Chromecast 3ra Generación Streaming Hdmi Celular Color Negro Tipo De Control Remoto Negro,82274172,56899.0,2024-02-28T16:25:21.000Z,2024-02-28T16:25:57.000Z
MLA1402472401,MLA,Xiaomi Mi Box S De Voz 4k 8gb  Negro Con 2gb De Memoria Ram,1002842391,119999.0,2024-01-14T15:01:19.282Z,2024-02-28T14:58:08.435Z
MLA1500404334,MLA,Xiaomi Stick 4k Mdz-27-aa De Voz 4k 8gb Negro Con 2gb De Memoria Ram,155439078,98300.0,2023-09-07T17:57:17.000Z,2024-02-25T19:07:00.000Z
MLA1365631869,MLA,Chromecast 4 Google Tv Full Hd En Caja Con Cargador Original,126269313,79799.16,2023-04-12T13:10:54.000Z,2024-02-28T16:13:09.000Z
MLA1498171106,MLA,Google Chromecast 3 Negro,284824585,61174.0,2023-09-06T18:07:22.000Z,2024-02-28T12:52:05.000Z
MLA1374858831,MLA,Android Tv Stick Control De Voz Full Hd 16gb Con 2gb De Ram,302056611,50600.0,2023-06-27T20:03:56.000Z,2024-02-28T15:07:06.000Z
MLA1229163569,MLA,Tv Stick Realme 4k Smart Tv Stick De Voz 4k 8gb Negro Con 2gb De Memoria Ram,262582139,64031.0,2022-11-07T20:50:00.000Z,2024-02-28T15:38:31.000Z
MLA1474558452,MLA,Google Chromecast  3 Full Hd Media Streaming Negro.,86898163,58598.0,2023-08-17T18:07:56.000Z,2024-02-28T13:31:05.000Z
MLA857482305,MLA,Xiaomi Mi Box S Mdz-22-ab De Voz 4k 8gb Negro Con 2gb De Memoria Ram,309453406,137990.0,2020-05-23T16:51:00.000Z,2024-02-27T19:12:06.778Z
MLA1391264291,MLA,Android Tv Stick Control De Voz Full Hd 16gb Con 2gb De Ram,302056611,56924.0,2023-10-04T19:17:52.000Z,2024-02-28T15:18:56.000Z
MLA1385641269,MLA,Chromecast 4 Google Tv Hd 8gb 2gb Ram Wifi Bluetooth Blanco,1002842391,79999.0,2023-08-30T15:33:40.000Z,2024-02-28T16:36:05.000Z
MLA877404372,MLA,Google Chromecast 3 Generacion Full Hd En Caja Con Fuente,234883070,58999.0,2020-09-08T15:36:10.000Z,2024-02-28T15:06:52.000Z
MLA1382245691,MLA,Google Chromecast  3 Full Hd Media Streaming Negro.,69526727,57900.0,2023-08-08T17:47:36.000Z,2024-02-28T13:25:28.000Z
MLA1164049535,MLA,Tv Box Nvidia Shield Tv Pro Versión 2019 De Voz 4k 16gb Negro Con 3gb De Memoria Ram,482880972,499999.0,2022-09-07T14:26:54.000Z,2024-02-26T04:43:59.161Z
MLA1282985312,MLA,Google Chromecast 4 Google Tv Box Full Hd 8gb 2gb 4ta Gen,207527715,72000.0,2022-12-15T19:01:45.000Z,2024-02-28T16:38:20.000Z
MLA868094225,MLA,Google Chromecast 3 Generacion Nuevo En Caja Hdmi C/ Fuente,187140437,66240.0,2020-07-14T21:17:47.000Z,2024-02-28T13:11:50.410Z
MLA1277635992,MLA,Google Chromecast Hd Con Google Tv Y C Remoto,155107410,75900.0,2022-12-09T14:30:22.000Z,2024-02-28T02:57:42.000Z
MLA898700662,MLA,Google Chromecast Ultra 4k Negro,309453406,134990.0,2020-11-25T14:11:58.000Z,2024-02-27T17:26:38.294Z
MLA787935586,MLA,Google Chromecast 3 Generacion Smart Tv Hdmi Usb Nuevo Orig,2347789,66000.0,2019-05-22T16:05:17.000Z,2024-02-28T13:12:27.268Z
MLA1113470749,MLA,Google Chromecast  3 Full Hd Media Streaming Negro Carbón,1002842391,60999.0,2021-11-23T03:01:05.000Z,2024-02-28T13:12:54.549Z
MLA1277642488,MLA,Google Chromecast Hd Con Google Tv Y C Remoto,155107410,105900.0,2022-12-09T14:31:51.000Z,2024-02-28T16:49:26.763Z
MLA1113438254,MLA,Google Chromecast 3 Full Hd Media Streaming Negro Carbón,1002842391,75999.0,2021-11-23T03:04:05.000Z,2024-02-28T13:12:36.873Z
MLA1614598096,MLA,Chromecast 4 Google Tv 8gb 2gb Ram 60fps Todo Incluido,619985053,84999.0,2023-12-29T19:23:20.000Z,2024-02-27T15:21:15.113Z
MLA931340608,MLA,Google Chromecast  Con Android Tv 4k 8gb/ 2gb Ram Hdmi 220v,69526727,125600.0,2021-07-28T19:55:43.000Z,2024-02-28T02:14:42.000Z
MLA1124556559,MLA,Xiaomi Mi Tv Stick Full Hd Chromecast Android Amazon Netflix,472182447,94990.0,2022-02-22T14:37:26.000Z,2024-02-28T13:07:58.000Z
MLA1393366569,MLA,Chromecast Google Tv Hd Wifi Bluetooth Hdmi 4ta Gen Blanco,78568223,72885.0,2023-10-24T19:40:22.000Z,2024-02-27T18:20:46.000Z
MLA1395085609,MLA,Google Chromecast  3 Full Hd Media Streaming Negro.,165975732,83699.0,2023-11-08T20:22:52.000Z,2024-02-26T20:15:20.000Z
MLA1140062600,MLA,Xiaomi Mi Tv Stick 4k 8gb Ram 2gb Chromecast Netflix Amazon,257077964,101699.0,2022-06-01T11:46:28.000Z,2024-02-25T00:44:48.039Z
MLA1547575050,MLA,Chromecast Google Tv Hd 8gb 2gb Ram Wifi Hdmi 4ta Gen Blanco,287054359,74999.0,2023-10-26T15:44:30.000Z,2024-02-28T12:52:04.000Z
MLA1389179379,MLA,Google Chromecast 3ra Generación / Uso Celular Streaming,1473286957,56900.0,2023-09-21T17:49:50.000Z,2024-02-28T15:36:37.000Z
MLA1407341041,MLA,Google Chromecast 3 Full Hd Media Streaming Negro. Color Carbón,262582139,58499.0,2024-02-06T19:06:02.000Z,2024-02-27T23:25:06.000Z
MLA1391264941,MLA,Google Chromecast 3rd Generation  Full Hd  Carbón,328024080,60490.0,2023-10-04T19:37:26.000Z,2024-02-28T16:45:26.758Z
MLA914385329,MLA,Chromecast With Google Tv Control Voz 4k 2gb Ram Hdmi Wifi,86898163,92899.0,2021-04-01T20:32:53.000Z,2024-02-27T17:25:07.582Z
MLA1425771406,MLA,Google Chromecast 4ta Google Tv Hd 8gb Con Cargador Y Pilas,410972390,79890.0,2023-05-29T17:25:59.000Z,2024-02-28T12:52:26.193Z
MLA1607129272,MLA,Chromecast 4 Google Tv Hd 4ta Cargador Control Pilas Todo,619985053,81000.0,2023-12-21T20:45:50.000Z,2024-02-27T15:21:15.000Z
MLA1398362377,MLA,Google Chromecast Hd Google Tv C Remoto Y Fuente Orig 8gb,1466469415,75900.0,2023-12-07T19:47:25.804Z,2024-02-26T17:06:26.939Z
MLA869897763,MLA,Xiaomi Mi Tv Stick Full Hd Android Chromecast Amazon Netflix,257077964,94999.0,2020-07-24T16:14:30.000Z,2024-02-25T23:11:50.019Z
MLA770888815,MLA,Google Chromecast 3 Generacion Smart Tv Netflix Original,82274172,56899.0,2019-02-13T19:27:55.000Z,2024-02-28T16:23:39.000Z
MLA1130305136,MLA,Google Tv + Chromecast 4k Control De Voz 8gb Fuente 220v,247639927,143996.0,2022-04-01T18:22:58.000Z,2024-02-28T12:03:40.000Z
MLA746583594,MLA,Google Chromecast 3 Generacion 1080p Caja 100% Original,86898163,58500.0,2018-09-04T21:21:10.000Z,2024-02-28T15:19:04.000Z
MLA1520715132,MLA,Google Chromecast Google Tv 4ta Generación 4k 8gb 2gb,1473286957,92799.0,2023-09-27T13:50:46.000Z,2024-02-28T16:22:13.000Z
MLA1388041975,MLA,Google Chromecast 4 Hd Con Google Tv Y Control Remoto 8gb,201564269,155738.7,2023-09-14T14:42:45.000Z,2024-02-27T17:44:38.000Z
MLA1532640728,MLA,Chromecast Google Tv Hd 8gb 2gb Ram Hdmi 4ta Gen Blanco,181300200,72899.0,2023-10-10T18:42:59.000Z,2024-02-28T16:17:43.000Z
MLA1488974646,MLA,Chromecast 4 Google Tv Hd 8gb 2gb Ram Wifi Bluetooth Blanco,1002842391,139999.0,2023-08-30T15:35:54.000Z,2024-02-27T23:43:44.000Z
MLA1338182601,MLA,Chromecast Google Tv Hd 8gb Última Versión+ Fuente 110/220v,247639927,122997.0,2023-02-06T21:24:26.000Z,2024-02-15T16:53:07.000Z
MLA1339185029,MLA,Chromecast Google Tv Full Hd Trafo 220 Cuot.s S/ Inter.s,247639927,112996.0,2023-02-07T21:43:42.000Z,2024-02-15T16:53:09.000Z
MLA770830113,MLA,Google Chromecast 3 Generacion Tv Hdmi En Caja 100% Original,86898163,89999.0,2019-02-13T14:40:40.000Z,2024-02-28T13:12:42.570Z
MLA1388376601,MLA,Google Chromecast 3ra Generación Streaming Hdmi Celular,1443311053,56898.0,2023-09-15T19:34:03.000Z,2024-02-28T16:04:34.000Z
MLA1405610367,MLA,Chromecast Google Tv Hd 8gb 2gb Ram 60 Fps Wifi Bluetooth Hd,331468238,74199.0,2024-01-30T18:28:07.000Z,2024-02-28T11:31:12.000Z
MLA844313886,MLA,Google Chromecast 3 Tv 3ra Generacion Conversor Smart Hdmi,55668421,102859.68,2020-03-17T16:33:35.000Z,2024-02-28T13:12:23.840Z
MLA1338041371,MLA,Chromecast 4° Google Tv Full Hd 8gb Blanco + Fuente 110-220v,247639927,122995.0,2023-02-06T21:19:51.000Z,2024-02-26T23:57:39.000Z
MLA1382825071,MLA,Google Chromecast Ultra 4k Negro,512225720,80000.0,2023-08-11T20:05:37.000Z,2024-02-25T01:21:03.000Z
MLA1397345489,MLA,Google Chromecast Con Google Tv Hd 4ta Generación,276508768,79999.0,2023-11-29T21:46:31.000Z,2024-02-27T15:31:51.000Z
MLA763377318,MLA,Google Chromecast 3 Cromecast 3era Generacion 2019 Netflix,309453406,67990.0,2018-12-21T12:26:10.000Z,2024-02-28T13:12:43.750Z
MLA1401597161,MLA,Google Chromecast 3 Full Hd Media Streaming Negro.,131648529,59677.87,2024-01-08T01:05:13.000Z,2024-02-28T12:52:03.000Z
MLA886507539,MLA,Google Chromecast Con Google Tv 4k + Control Remoto,309453406,93302.0,2020-11-02T20:02:16.000Z,2024-02-28T14:45:15.105Z
MLA1256846341,MLA,Chromecast Smart Netflix Google Tv Full Hd Hdr Contr Remoto,9198894,75199.06,2022-11-23T13:54:17.000Z,2024-02-28T16:00:32.000Z
MLA1401347033,MLA,Google Chromecast  3 Full Hd Media Streaming Negro,1250965884,67999.0,2024-01-05T20:51:26.167Z,2024-02-26T07:40:43.923Z
MLA922347946,MLA,Chromecast With Google Tv  De Voz 4k,315125513,94999.0,2021-05-25T23:14:30.000Z,2024-02-27T14:26:11.000Z
MLA1395564645,MLA,Google Chromecast  3 Full Hd Media Streaming Negro.,234883070,83699.0,2023-11-13T17:56:54.000Z,2024-02-28T16:00:54.000Z
MLA1130318118,MLA,Google Tv + Chromecast Control De Voz 4k 8gb Cargador 220v,247639927,107997.0,2022-04-01T18:16:36.000Z,2024-02-27T15:25:19.000Z
MLA767075653,MLA,Google Chromecast 2 Gen Smart Tv Hdmi Netflix Bulk Sin Caja,82274172,47999.0,2019-01-18T17:16:05.000Z,2024-02-28T16:25:54.000Z
MLA1337977281,MLA,Chromecast 4 Google Tv Full Hd 8gb Last Version Con Cargador,247639927,85998.0,2023-02-06T21:17:14.000Z,2024-02-18T03:26:40.000Z
MLA778066728,MLA,Google Chromecast 3 Generacion Nuevo En Caja Hdmi Eps,165975732,58999.0,2019-03-27T20:24:22.000Z,2024-02-28T13:12:38.700Z
MLA1280197823,MLA,Chromecast4 Smart Tv Netflix Google Tv Voz Control Remoto Hd,167338436,91360.0,2022-12-12T18:10:02.000Z,2024-02-23T12:32:08.000Z
MLA1382798627,MLA,Google Chromecast Ultra 4k Negro,287054359,60595.5,2023-08-11T19:56:29.000Z,2024-02-28T16:41:03.000Z
MLA1180034732,MLA,Convertidor Smart Tv Android Xiaomi Mi Tv Stick Chromecast,472182447,149990.0,2022-09-28T23:11:14.000Z,2024-02-28T13:07:23.000Z
MLA1432379406,MLA,Google Tv Onn Uhd Tv Box Chromecast 4k 8gb Con 2gb De Ram,48415944,75000.0,2023-06-13T16:44:28.000Z,2024-02-21T15:42:29.000Z
MLA1399316559,MLA,Google Chromecast  3ra Generacion Full Hd Media Streaming,34959458,62470.61,2023-12-18T18:19:13.000Z,2024-02-28T12:52:03.000Z
MLA1510682132,MLA,Google Chromecast 4 Tv Hd 8gb 2gb Ram Google Tv,1357458571,144148.45,2023-09-18T16:26:14.000Z,2024-02-27T19:17:36.000Z
MLA1347014753,MLA,Xiaomi Mi Tv Stick De Voz 4k 8gb Negro Android 2gb Ram,204101135,99999.0,2023-02-15T20:14:18.000Z,2024-02-27T00:06:57.000Z
MLA1121937411,MLA,Google Chromecast Google Tv De Voz 4k 8gb Cargador Original,247639927,107998.0,2022-02-03T00:07:05.000Z,2024-02-27T15:31:39.655Z
MLA803088555,MLA,Chromecast 3 Generacion Original Netflix Youtube Nuevo,53971387,64999.0,2019-07-24T15:39:45.000Z,2024-02-23T22:45:56.000Z
MLA1482330522,MLA,Google Chromecast Google Tv De Voz 4k 8gb Control Remoto,541665065,92900.0,2023-08-25T00:25:16.000Z,2024-02-27T14:26:09.000Z
MLA1670300012,MLA,Google Chromecast With Google Tv De Voz 4.ª Generación 4k 8g,439104803,92300.0,2024-02-15T19:14:38.000Z,2024-02-28T12:52:07.000Z
MLA1280146323,MLA,Chromecast4 Smart Tv Netflix Google Tv Hd Control Remoto Voz,167338436,144349.0,2022-12-12T18:14:33.000Z,2024-02-23T12:46:36.000Z
MLA1339313489,MLA,Chromecast 4° Google Tv Full Hd Cargador + Cuot.s S/ Inter.s,247639927,122998.0,2023-02-07T21:51:11.000Z,2024-02-25T10:48:50.000Z
MLA914388160,MLA,Google Chromecast 4k Android Tv Control De Voz 2gb Ram,69526727,92900.0,2021-04-01T20:53:21.000Z,2024-02-27T19:33:37.000Z
MLA1510951068,MLA,Google Chromecast 4 Tv Hd 8gb 2gb Ram Google Tv,1357458571,92999.0,2023-09-18T16:23:26.000Z,2024-02-27T19:17:27.000Z
MLA713821733,MLA,Nuevo Google Chromecast 3 Hdmi Streaming Media Player Nuevo,247639927,69997.0,2018-03-19T22:20:53.000Z,2024-02-28T13:12:54.478Z
MLA1676829224,MLA,Chromecast Google 3 Generacion Negro,91988078,59900.0,2024-02-21T14:07:30.000Z,2024-02-25T13:15:03.000Z
MLA1128205818,MLA,Xiaomi Tv Stick 4k 2gb Ram 8gb Rom C/control Netflix-android,262582139,118088.0,2022-03-18T15:22:17.000Z,2024-02-13T22:53:21.000Z
MLA1108803654,MLA,Chromecast With Google Tv De Voz 4k 8gb Con 2gb Ram,86898163,150999.0,2021-10-19T18:45:41.000Z,2024-02-27T13:15:57.000Z
MLA920579929,MLA,Chromecast 4 Google Tv Full Hd Control Remoto Voz Smart Tv,45059170,79999.0,2021-05-13T19:43:29.000Z,2024-02-22T19:57:17.000Z
MLA780453981,MLA,Chromecast 3 Tercera Generacion Original Mira Netflix Youtube En Tu Tv Espeja Celular Garantia,45059170,64999.0,2019-04-08T16:52:42.000Z,2024-02-28T13:12:40.214Z
MLA1399444265,MLA,Chromecast Google Tv Hd 8gb 2gb Ram Wifi Bluetooth Hdmi 4ta,2347789,80000.0,2023-12-19T18:49:45.000Z,2024-02-12T15:34:38.000Z
MLA1520868370,MLA,Google Chromecast Con Google Tv 4.ª Generación 4k 8gb 2gb,1443311053,91990.0,2023-09-27T13:50:04.000Z,2024-02-27T19:29:34.000Z
MLA1439382740,MLA,Google Chromecast 3.ª Generación Ga00439 - Carbón,447129209,64999.0,2023-06-28T13:03:50.000Z,2024-01-30T14:53:05.000Z
MLA1559887936,MLA,Chromecast Google Tv Hd 8gb 2gb Ram Todos Los Accesorios,148027380,122479.0,2023-11-09T13:13:05.000Z,2024-02-16T19:19:18.000Z
MLA906961402,MLA,Chromecast 4ta Generacion Google Tv 4k Control De Voz 8gb,482880972,103296.6,2021-02-03T15:21:04.000Z,2024-02-28T13:17:43.000Z
MLA1338922340,MLA,Chromecast 4° Google Tv Cargador Full Hd Cuot.s S/ Inter.s!,247639927,112995.0,2023-02-07T21:53:48.000Z,2024-02-28T10:22:03.000Z
MLA1390229619,MLA,Google Chromecast Full Hd Google Tv Control Remoto 4ta Gen,179907718,108869.05,2023-09-27T15:12:34.000Z,2024-02-28T12:52:03.000Z
MLA763378349,MLA,Google Chromecast 3 3era Gen. Youtube Netflix Flow Cromecast,284824585,64990.0,2018-12-21T12:33:43.000Z,2024-02-28T13:12:56.459Z
MLA1140062618,MLA,Xiaomi Mi Tv Stick 4k 8gb Ram 2gb Chromecast Netflix Amazon,257077964,156999.0,2022-06-01T11:48:56.000Z,2024-02-25T13:19:06.000Z
MLA1184736528,MLA,Mi Tv Stick Xiaomi Mdz-24-ab Full Hd Convierte Tv En Smart,345302435,90200.0,2022-10-04T19:51:33.000Z,2024-02-25T14:44:50.776Z
MLA1532539636,MLA,Chromecast Google Ga03131 Google Tv Hd 8gb Blanco,226165538,168960.0,2023-10-10T12:14:36.000Z,2024-02-28T16:52:28.000Z
MLA1552633384,MLA,Google Chromecast 3 Hdmi Streaming Media Player Negro Color,76124792,69999.0,2023-11-01T15:30:30.000Z,2024-02-19T15:38:58.000Z
MLA1385962356,MLA,Google Chromecast 4ta Generacion Fhd Blanco Con Control,63561913,89863.06,2023-04-03T16:17:45.000Z,2024-02-28T16:42:40.105Z
MLA1406638116,MLA,Chromecast 4ta Generación Google Tv Hd Blanco Control Remoto,583145152,84999.0,2023-04-28T19:15:56.000Z,2024-02-15T15:29:08.000Z
MLA908010138,MLA,Chromecast 4 Smart Tv Netflix Googletv 4k Hdr Control Remoto,167338436,130799.0,2021-02-11T15:55:56.000Z,2024-02-27T13:15:45.000Z
MLA920588647,MLA,Chromecast Google Tv 4 Generacion Control Remoto Full Hd +,45059170,119999.0,2021-05-13T20:02:17.000Z,2024-02-22T19:57:17.000Z
MLA1401933871,MLA,Tv Stick Realme 4k Smart Tv Stick De Voz 4k 8gb 2gb Ram,196230127,65946.0,2024-01-10T14:59:53.000Z,2024-02-28T15:07:59.000Z
MLA1220188993,MLA,Xiaomi Mi Tv Stick Android Chromecast Smart Netflix Amazon +,45059170,124499.0,2022-11-01T01:38:11.000Z,2024-02-26T22:41:41.000Z
MLA1316664095,MLA,Chromecast Google Tv Hd Con Control 8gb Y 2gb Ram Streaming,210728070,88790.0,2023-01-20T15:29:04.000Z,2024-02-28T14:34:33.361Z
MLA920585276,MLA,Chromecast Google Tv 4 Gen Control Remoto Voz Disney Apps +,53971387,119999.0,2021-05-13T19:59:45.000Z,2024-02-28T15:15:40.000Z
MLA927777478,MLA,Chromecast 4 Generacion Google Tv 4k Original Ade,340109223,154999.0,2021-06-30T22:59:44.000Z,2024-02-27T19:37:33.000Z
MLA1264820125,MLA,Chromecast Smart Netflix Google Tv Full Hd Hdr Ade,340109223,109999.0,2022-11-30T09:23:38.000Z,2024-02-22T22:24:14.839Z
MLA1340184327,MLA,Google Chromecast 4 Tv Hd Con Control Remoto Almagro,76124792,84999.0,2023-02-08T17:23:45.000Z,2024-02-23T17:54:11.000Z
MLA1430039936,MLA,Google Chromecast With Google Tv De Voz 4k Cargador Original,247639927,143994.0,2023-06-08T00:44:50.000Z,2024-02-27T15:27:31.000Z
MLA1565618890,MLA,Google Chromecast With Google Tv De Voz 4.ª 4k 8gb Netflix,57133680,96789.0,2023-11-15T13:48:29.599Z,2024-02-27T13:50:04.223Z
MLA1367820417,MLA,Chromecast 4ta Generación Google Tv Hd Blanco Control Remoto,583145152,118999.0,2023-04-28T19:17:08.000Z,2024-02-27T20:46:35.000Z
MLA1437356638,MLA,Google 3ra Chromecast Dispositivo De Streaming D Audio/video,208948246,124250.0,2023-06-23T14:57:41.000Z,2024-02-28T13:10:40.262Z
MLA924404973,MLA,Chromecast 4 + Google Tv 4k Cargador Original Cuot.s S/ Int,247639927,165998.0,2021-06-08T01:58:48.000Z,2024-02-27T15:27:31.000Z
MLA1362366773,MLA,Google Chromecast 3 Gen Full Hd Smart Tv Hdmi Netflix Flow,1294009899,79156.59,2023-03-14T02:41:28.000Z,2024-02-19T15:12:02.820Z
MLA1129900183,MLA,Google Tv + Chromecast Control De Voz 4k 8gb Fuente 220v,247639927,107995.0,2022-03-29T22:40:18.000Z,2024-02-17T18:02:49.000Z
MLA1543898166,MLA,Google Chromecast 3 Full Hd Media Streaming,126835229,84900.0,2023-10-23T16:59:53.000Z,2024-02-21T13:01:13.000Z
MLA1494780186,MLA,Google Chromecast  3 Full Hd Media Streaming Negro.,284824585,64990.0,2023-09-04T13:44:20.000Z,2024-02-26T14:56:24.000Z
MLA1146701862,MLA,Chromecast 4k Hdr Tv Netflix Google Tv Control Remoto,37761986,156350.0,2022-07-13T14:44:27.000Z,2024-02-27T14:33:34.000Z
MLA1401596937,MLA,Google Chromecast  3 512mb Tv Hd Smart Tv,127330977,69999.0,2024-01-08T00:50:18.000Z,2024-02-24T11:00:58.253Z
MLA1372827989,MLA,Xiaomi Stick Tv 4k 8gb 2gb Ram Con Control De Voz,294490958,139983.0,2023-06-09T19:18:00.000Z,2024-02-24T23:43:39.000Z
MLA1400760705,MLA,Chromecast Usado Modelo H2g2-42,1167229279,60000.0,2023-12-30T17:10:20.000Z,2024-02-23T13:52:57.000Z
MLA1367781893,MLA,Chromecast 4ta Generación Google Tv Hd Blanco Control Remoto,310646112,118999.0,2023-04-28T19:11:34.000Z,2024-02-23T03:21:41.000Z
MLA1401435761,MLA,Google Chromecast  3 Full Hd Media Streaming Negro.,1250965884,89999.0,2024-01-05T20:49:11.000Z,2024-02-26T19:00:10.000Z
MLA1402116467,MLA,Chromecast Google Tv Hd 8gb 2gb Ram 60 Fps Wifi Bluetooth,160491145,77900.0,2024-01-11T17:07:16.000Z,2024-02-27T20:17:01.000Z
MLA1539620770,MLA,Chromecast Hd,57389540,91573.0,2023-10-18T15:40:46.000Z,2024-02-25T11:21:23.113Z
MLA1119333594,MLA,Chromecast With Google Tv Control Voz 4k 2gb Ram Hdmi Wifi,661660917,94999.0,2022-01-13T15:55:34.000Z,2024-02-27T14:33:33.000Z
MLA1640148936,MLA,Chromecast Google Tv Hd Wifi Hdmi 4ta Gen Cargador Y Pilas,241204141,78900.0,2024-01-22T22:12:32.000Z,2024-02-19T03:00:50.000Z
MLA1408907687,MLA,Google Chromecast 3 Full Hd Media Streaming Netflix Youtube,34959458,62999.1,2024-02-14T01:44:09.000Z,2024-02-28T12:52:07.000Z
MLA914388347,MLA,Chromecast Google Tv 4k Control De Voz Hdmi Wifi Dual,499786196,140000.0,2021-04-01T20:58:34.000Z,2024-02-26T20:44:22.144Z
MLA1658650458,MLA,Google Chromecast Con Google Tv Hd - Blanco,132565910,85000.0,2024-02-05T16:42:32.000Z,2024-02-18T12:34:35.000Z
MLA1119291846,MLA,Chromecast With Google Tv Control Voz 4k 2gb Ram Hdmi Wifi,583145152,94999.0,2022-01-13T15:44:10.000Z,2024-02-27T15:13:06.000Z
MLA1437369360,MLA,Google 4ta Generation 4k Disp Streaming Audio/video Control,208948246,138000.0,2023-06-23T14:53:30.000Z,2024-02-21T01:44:24.000Z
MLA1339255616,MLA,Chromecast Google Tv Full Hd Cuot.s S/ Int. + Cargador 220v,247639927,112994.0,2023-02-07T21:46:45.000Z,2024-02-15T16:53:07.000Z
MLA1583165358,MLA,Chromecast Google Tv Hd 8gb 2gb- Sin Fuente Y Pilas,91837989,87400.0,2023-11-30T13:38:55.000Z,2024-02-06T17:25:44.000Z
MLA1620212702,MLA,Google Chromecast Hd Con Google Tv Y C Remoto,1466469415,75900.0,2024-01-04T23:53:41.891Z,2024-02-26T17:06:27.793Z
MLA1631937896,MLA,Smart Tv Motorola 32  Mt32e3a 720p Chromecast Int Hdmi Hdr,155107410,284990.0,2024-01-15T14:25:52.965Z,2024-01-18T11:25:49.602Z
MLA1373132770,MLA,Chromecast Google Ga03131 Google Tv Hd 8gb Blanco,340109223,129999.0,2023-03-16T09:42:54.000Z,2024-02-27T21:44:09.000Z
MLA1400212793,MLA,Google Chromecast  3 Full Hd Media Streaming Negro 512mb,1012653588,152999.0,2023-12-26T18:23:59.000Z,2024-02-12T21:15:19.000Z
MLA1441075312,MLA,Chromecast Google Ga03131 Google Tv Hd 8gb Blanco,176546321,84999.0,2023-06-30T20:19:13.000Z,2024-02-19T20:55:03.000Z
MLA1371703308,MLA,Google Chromecast 4k Con Google Tv Blanco Wifi Con Funko Pop,309453406,109990.0,2023-03-14T16:29:02.000Z,2024-02-28T14:39:09.000Z
MLA1146727705,MLA,Chromecast 4k Hdr Smart Tv Netflix Google Tv Control Remoto,37761986,101499.0,2022-07-13T14:32:11.000Z,2024-02-27T14:33:39.000Z
MLA1411757627,MLA,Chromecast Google Tv Hd 8gb 2gb Ram 60 Fps Wifi Bluetooth Hd,1268964604,76999.0,2024-02-26T21:57:23.000Z,2024-02-26T21:58:45.000Z
MLA1548495628,MLA,Chromecast Google Tv Hd 8gb 2gb Ram 60 Fps 4ta Gen Blanco,96270679,85999.0,2023-10-27T14:20:12.000Z,2024-02-16T15:40:49.000Z
MLA1264729825,MLA,Chromecast Smart Netflix Google Tv Full Hd Hdr Ade,340109223,129999.0,2022-11-30T09:24:38.000Z,2024-02-26T22:01:51.631Z
MLA1385070577,MLA,Google Chromecast 3 Gen Smart Tv Hdmi Full Hd Usb Star+,247639927,69995.0,2023-08-27T01:05:35.000Z,2024-02-28T13:12:04.819Z
MLA1372815227,MLA,Xiaomi Stick Tv 4k 8gb 2gb Ram Control De Voz Negro,294490958,227071.0,2023-06-09T19:20:09.000Z,2024-02-24T23:44:12.000Z
MLA1411744157,MLA,Google Chromecast With Google Tv De Voz 4.ª Generación 4k 8g,1268964604,93999.0,2024-02-26T21:46:57.000Z,2024-02-27T20:44:10.000Z
MLA1360999186,MLA,Chromecast Google Ga03131 Google Tv Hd 8gb Blanco Ade,340109223,84999.0,2023-03-01T11:17:51.000Z,2024-02-10T12:13:30.000Z
MLA1138790661,MLA,Google Chromecast 3.ª Generación Full Hd Carbón,247511464,120345.05,2022-05-24T21:29:49.000Z,2024-02-26T16:02:19.992Z
MLA1400245509,MLA,Google Chromecast Snow Google Tv De Voz 4.ª Generación  8gb,33568993,79900.0,2023-12-26T20:13:07.000Z,2024-02-13T12:54:19.000Z
MLA1498113156,MLA,Google Chromecast 4 Con Google Tv Hd,247511464,134728.05,2023-09-06T20:11:32.000Z,2024-02-26T16:02:22.478Z
MLA1217056350,MLA,Google Chromecast With Google Tv De Voz 4k 8gb 2gb Ram,217293820,139999.0,2022-10-28T21:55:47.000Z,2024-02-27T14:33:39.000Z
MLA1411426409,MLA,Google Chromecast 3ra Generaciòn Hd Full Streaming,227681028,74999.0,2024-02-23T20:19:22.000Z,2024-02-27T21:09:49.000Z
MLA1371063608,MLA,Dispositivo De Streaming Google Chromecast 4k Con Funko Pop,284824585,144990.0,2023-03-14T16:32:00.000Z,2024-02-28T14:39:07.000Z
MLA1119303285,MLA,Chromecast With Google Tv Control Voz 4k 2gb Ram Hdmi Wifi,310646112,94999.0,2022-01-13T15:11:44.000Z,2024-02-28T16:39:48.000Z
MLA1676378788,MLA,Google Chromecast With Google Tv De Voz 4.ª Generación 4k 8g,474265712,91990.0,2024-02-20T23:28:38.000Z,2024-02-27T22:59:52.000Z
MLA1679631746,MLA,Chromecast Google Tv Hd 8gb 2gb Ram Hdmi 4ta Gen Sin Transfo,227681028,155999.0,2024-02-23T15:17:05.000Z,2024-02-23T23:45:10.000Z
MLA1679462778,MLA,Chromecast Google Tv Hd 8gb 2gb Ram Hdmi 4ta Gen Sin Transfo,227681028,119999.0,2024-02-23T15:03:16.000Z,2024-02-27T21:51:25.000Z
MLA1371141258,MLA,Google Chromecast 4k Streaming Tv C Funko Stranger Things,119914491,144990.0,2023-03-14T16:32:05.000Z,2024-02-28T14:39:08.000Z
MLA1316657863,MLA,Chromecast Google Tv (hd) 1080p Control De Voz Android Ios,210728070,124306.0,2023-01-20T15:46:59.000Z,2024-02-28T14:34:31.897Z
MLA1398503064,MLA,Audio Streamer Hi Res Wiim Pro Compat Chromecast Y Airplay2,441790337,515120.0,2023-04-17T14:56:51.000Z,2024-02-26T17:50:26.000Z
MLA920718379,MLA,Google Chromecast 3 Full Hd,134119519,94900.0,2021-05-14T16:35:07.000Z,2024-02-07T06:36:00.476Z
MLA1329170115,MLA,Google Chromecast Hd 1080p Netflix Apps Control Con Fuente,77566478,91283.0,2023-01-31T17:08:46.000Z,2024-02-28T14:09:56.383Z
MLA1362453735,MLA,Google Chromecast 4k Streaming Con Google Tv Blanco + Funko,309453406,144990.0,2023-03-14T16:32:02.000Z,2024-02-28T14:39:09.000Z
MLA1542125668,MLA,Google Chromecast 4 Con Google Tv Hd Wi-fi Control Remoto,192769857,103599.0,2023-10-20T14:12:06.000Z,2024-02-28T12:10:08.000Z
MLA1400457387,MLA,Google Chromecast 2.ª Gen Full Hd 256mb Rojo 512mb Ram Ref,309453406,59990.0,2023-12-28T16:02:34.000Z,2024-01-03T19:54:37.000Z
MLA1669104294,MLA,Google Chromecast Ultra 4k Negro (bulk),181300200,70000.0,2024-02-14T19:20:04.000Z,2024-02-26T06:49:46.000Z
MLA1558255086,MLA,Google Chromecast  3 Full Hd Media Streaming Negro Carbón,126835229,152689.0,2023-11-07T14:07:27.000Z,2024-02-23T17:59:00.000Z
MLA1634941288,MLA,Chromecast 4,75158858,76000.0,2024-01-17T21:20:26.000Z,2024-01-21T03:07:14.000Z
MLA1676382702,MLA,Google Chromecast Con Google Tv Full Hd Color Blanco,82957837,94499.0,2024-02-21T00:16:35.000Z,2024-02-26T16:37:14.000Z
MLA1412074657,MLA,Chromecast Google Tv 4th - 2/8gb Wifi Bluetooth Hdmi,741600128,69999.0,2024-02-28T14:32:53.000Z,2024-02-28T15:52:53.000Z
MLA1373397723,MLA,Google Chromecast Google Tv De Voz 4k 8gb 2gb Ram Evotech,187270707,125499.0,2023-06-14T19:00:10.000Z,2024-02-28T14:09:10.845Z
MLA1337977178,MLA,Chromecast 4° Con Google Tv Full Hd Cargador 220v 8gb,247639927,85997.0,2023-02-06T21:06:03.000Z,2024-02-07T18:56:40.000Z
MLA1398907963,MLA,Google Chromecast With Google Tv Ga01919us De Voz 4.ª 4k 8gb,207056678,97500.0,2023-12-14T14:31:29.970Z,2024-02-27T01:10:42.110Z
MLA1367858579,MLA,Chromecast 4ta Generación Google Tv Hd Blanco Control Remoto,310646112,84999.0,2023-04-28T19:10:29.000Z,2024-02-15T15:29:04.000Z
MLA1128943071,MLA,Xiaomi Mi Tv Stick 4k Android Google Tv,164041557,588640.0,2022-03-23T19:16:26.000Z,2024-02-19T12:17:25.000Z
MLA1622840132,MLA,Google Chromecast 3ra Generacion Transforma Tv A Smart Tv,34959458,62999.1,2024-01-08T00:52:56.000Z,2024-02-28T12:52:04.000Z
MLA1347084761,MLA,Google Chromecast Ga00439 3.ª Generación Full Hd  Sin Trafo,288331144,112100.0,2023-02-15T20:53:49.000Z,2024-02-23T01:32:11.000Z
MLA1539632034,MLA,Google Chromecast 3,57389540,76400.0,2023-10-18T14:52:38.000Z,2024-02-26T20:35:41.000Z
MLA1159025777,MLA,Chromecast With Google Tv Control Voz 4k 2gb Ram Hdmi Wifi,1181972192,132999.0,2022-08-26T20:03:02.000Z,2024-02-27T13:24:38.000Z
MLA1673104216,MLA,Google Chromecast Hd Google Tv Y C Remoto Fuente Orig,155107410,75900.0,2024-02-18T18:01:49.000Z,2024-02-28T16:18:31.000Z
MLA1174435149,MLA,Xiaomi Mi Tv Stick Mdz-24-ab Full Hd 8gb - 1gb Ram Martinez,42459084,95989.0,2022-09-22T14:54:56.000Z,2024-01-30T19:16:00.000Z
MLA1407272399,MLA,Chromecast Google Tv Hd 8gb 2gb Ram 60 Fps Con Fuente-pilas,211740430,83999.0,2024-02-06T17:12:29.000Z,2024-02-07T07:44:07.000Z
MLA1381141559,MLA,Chromecast Google Ga03131 Google Tv Hd 8gb Blanco Acuario,68286146,90709.0,2023-08-01T18:42:10.000Z,2024-02-28T03:35:32.000Z
MLA1480941548,MLA,Xiaomi Mi Tv Stick Mdz-24-aa,188194030,135000.0,2023-08-23T18:57:06.000Z,2024-02-27T18:39:53.000Z
MLA1631873670,MLA,Smart Tv Motorola 32  Mt32e3a 720p Chromecast Int Hdr Hdmi,155107410,389990.0,2024-01-15T14:28:21.000Z,2024-02-01T18:19:23.000Z
MLA1390464318,MLA,Google Chromecast 4° Generacion Full Hd 8gb Control Remoto,204101135,86999.0,2023-04-08T14:29:53.000Z,2024-02-23T20:33:38.000Z
MLA772777613,MLA,Google Chromecast 3,160885918,114963.0,2019-02-25T18:27:15.000Z,2024-02-28T13:12:41.799Z
MLA1396085311,MLA,Google Chromecast 4 Google Tv 4k Wi-fi Control Remoto Blanco,192769857,123199.0,2023-11-17T20:08:00.328Z,2024-02-28T12:10:06.329Z
MLA1613174912,MLA,Google Chromecast 2ª Gen Full Hd 256mb 512mb Ram Refabricado,309453406,99990.0,2023-12-28T16:07:03.000Z,2024-02-01T05:02:17.000Z
MLA1404388385,MLA,Google Chromecast  3 256mb Negro Con 512mb De Memoria Ram,160183630,84833.31,2024-01-25T13:21:49.000Z,2024-02-24T18:26:43.000Z
MLA1642551798,MLA,Google Chromecast 3ra Generación,1634953268,119999.0,2024-01-24T15:05:15.000Z,2024-02-28T16:22:31.000Z
MLA1391867701,MLA,Adaptador Chromecast 4 Con Google Tv 1080 Hdmi Dual Band Wif,160969516,112765.63,2023-10-10T20:28:10.000Z,2024-02-23T14:40:12.000Z
MLA926900276,MLA,Google Chromecast 3 Generacion Full Hd,139305690,102509.0,2021-06-24T13:13:57.000Z,2024-02-28T13:12:27.358Z
MLA1410930837,MLA,Google Chromecast Con Google Tv De Voz 4.ª Generación 4k 8gb,1575998551,92000.0,2024-02-21T12:47:02.000Z,2024-02-27T21:10:43.000Z
MLA1599504990,MLA,Google Chromecast  3 Full Hd Media Streaming Negro.,1011815174,81594.0,2023-12-14T16:35:52.729Z,2024-02-23T18:06:57.267Z
MLA1395645305,MLA,Chromecast Google Tv Hd 8gb 2gb Ram 60 Fps Wifi Bluetooth Hd,91837989,92000.0,2023-11-13T20:04:38.000Z,2024-02-06T17:27:39.000Z
MLA1427566006,MLA,Google Chromecast Ga00439 3.ª Generación Full Hd Carbón,621229920,101940.0,2023-06-01T16:16:35.000Z,2024-02-27T20:33:35.000Z
MLA1426466816,MLA,Google Chromecast Google Tv  4k 8gb Snow 2gb De Memoria Ram,1312428764,186054.72,2023-05-30T19:08:11.000Z,2024-02-21T13:34:25.000Z
MLA1159032188,MLA,Chromecast With Google Tv Control Voz 4k 2gb Ram Hdmi Wifi,1181972192,94999.0,2022-08-26T19:59:14.000Z,2024-02-27T13:15:35.000Z
MLA1129875802,MLA,Chromecast 4 Google Tv 4k Cuot-s S/ Inter-s + Cargador Orig.,247639927,143995.0,2022-03-29T22:49:22.000Z,2024-02-07T18:57:18.000Z
MLA1128968478,MLA,Xiaomi Mi Tv Stick 4k Android Google Tv,164041557,367900.0,2022-03-23T19:15:48.000Z,2024-02-15T17:31:26.000Z
MLA926804924,MLA,Google Chromecast 3 Generacion Full Hd,139305690,79049.0,2021-06-23T18:33:05.000Z,2024-02-28T13:10:29.358Z
MLA1406638852,MLA,Chromecast 4ta Generación Google Tv Hd Blanco Control Remoto,556508298,84999.0,2023-04-28T19:43:33.000Z,2024-02-15T15:30:12.000Z
MLA1393680953,MLA,Google Chromecast 3 Generación Hdmi Usb Netflix Star + Flow,247639927,69998.0,2023-10-27T23:08:16.000Z,2024-02-25T13:29:19.000Z
MLA1188051901,MLA,Google Chromecast With Google Tv De Voz 4k 8gb Snow,148613909,91981.0,2022-10-08T15:35:46.000Z,2024-02-28T15:09:20.000Z
MLA1381291295,MLA,Google Chromecast Google Tv De Voz 4k 8gb 2gb Ram Epampa,1408541101,106999.0,2023-08-02T17:48:40.000Z,2024-02-27T13:15:44.000Z
MLA721198386,MLA,Convertidor Smartv Google Chromecast Ultra 4k Netflix Flow,309453406,134990.0,2018-04-24T20:34:10.000Z,2024-02-28T14:31:02.000Z
MLA1396594861,MLA,Chromecast Google Tv Hd 8gb 2gb Ram Hdmi 4ta Gen Blanco,1151599296,90990.0,2023-11-22T22:22:15.000Z,2024-02-20T21:01:09.000Z
MLA1339319687,MLA,Chromecast 4 Google Tv Full Hd Cargador Original Cuot.s!,247639927,98888.0,2023-02-07T21:40:12.000Z,2024-02-08T00:59:54.000Z
MLA1386113204,MLA,Google Chromecast 4ta Generacion Fhd Blanco Con Control,63561913,130814.05,2023-04-03T16:20:45.000Z,2024-02-28T16:42:39.229Z
MLA1373410273,MLA,Google Chromecast Google Tv De Voz 4k 8gb 2gb Ram Horade,1134507620,106999.0,2023-06-14T19:08:35.000Z,2024-02-27T14:33:37.000Z
MLA1550286732,MLA,Chromecast Google Tv 4k 8gb Blanco Control Voz Con Cargador,77566478,117926.0,2023-10-30T13:08:57.000Z,2024-02-28T02:20:48.751Z
MLA1549197452,MLA,Google Chromecast Snow Hd Con Control Remoto 8gb Blanco,1405947561,129999.0,2023-10-28T16:44:52.000Z,2024-02-23T17:32:52.000Z
MLA925870684,MLA,Google Chromecast Con Google Tv 4k Snow Blanco En Almagro,76124792,119999.0,2021-06-16T19:10:00.000Z,2024-02-27T14:33:39.000Z
MLA1401147795,MLA,Google Chromecast With Google Tv De Voz 4.ª Generación 4k,315125513,139999.0,2024-01-03T16:48:38.000Z,2024-02-27T14:26:07.000Z
MLA881236388,MLA,Google Chromecast Ultra 4k Uhd Wifi Bluetooth Netflix Nuevo,284824585,184990.0,2020-09-28T20:10:05.000Z,2024-02-01T17:42:07.000Z
MLA873034403,MLA,Google Chromecast 3 - Aj Hogar,171416757,139825.0,2020-08-12T20:31:03.000Z,2024-02-28T13:11:45.410Z
MLA1437447210,MLA,Google 4ta Gen Fhd Disp Streaming Audio/video C/control,208948246,129750.0,2023-06-23T14:55:15.000Z,2024-02-23T13:00:16.000Z
MLA1586176874,MLA,Chromecast Google Tv Hd 8gb Wifi Bluetooth Hdmi 4ta Gen,252261101,85999.0,2023-12-01T20:42:14.463Z,2024-01-31T18:33:07.566Z
MLA1617153638,MLA,Google Chromecast Con Google Tv Hd - Blanco 4 Generacion,7955284,73100.0,2024-01-02T19:17:50.377Z,2024-02-23T14:26:43.221Z
MLA1160760387,MLA,Google Chromecast 3ra Generacion Negro,668916751,75375.0,2022-08-31T13:38:47.000Z,2024-02-16T21:11:38.000Z
MLA1129796955,MLA,Google Chromecast With Google Tv De Voz 4k 8gb Snow 2gb Ram,96270679,239999.0,2022-03-29T17:21:59.000Z,2024-02-27T14:33:39.000Z
MLA1369535299,MLA,Reloj Xiaomi Mi Smart Clock Chromecast Asistente De Google,13404008,180000.0,2023-05-12T21:38:43.000Z,2024-02-21T04:51:45.000Z
MLA791988898,MLA,Google Chromecast 3 2019 3era Gen Youtube Netflix Oferta,309453406,99990.0,2019-06-11T19:56:38.000Z,2024-02-28T13:12:39.904Z
MLA1408158877,MLA,Google Chromecast 3ra Gen - Altavista,680515,67500.0,2024-02-10T23:45:48.000Z,2024-02-15T22:06:47.000Z
MLA1373374213,MLA,Google Chromecast Tv De Voz 4k 8gb 2gb Ram 6c Evotech,187270707,99989.0,2023-06-14T19:04:02.000Z,2024-02-20T01:23:20.000Z
MLA1387020501,MLA,Chromecast Google Tv Hd 8gb 2gb Ram 60 Fps 4ta Gen,1312428764,129239.25,2023-09-07T17:49:27.000Z,2024-02-21T13:34:25.000Z
MLA1367807057,MLA,Chromecast 4ta Generación Google Tv Hd Blanco Control Remoto,176546321,84999.0,2023-04-28T19:00:20.000Z,2024-02-15T15:30:05.000Z
MLA927775900,MLA,Chromecast 4 Generacion Google Tv Voz 4k Original Ade Ramos,340109223,109999.0,2021-06-30T22:58:38.000Z,2024-02-27T15:13:12.000Z
MLA1387020579,MLA,Chromecast Google Tv Hd 8gb 2gb Ram 60 Fps  4ta Gen,1312428764,99868.21,2023-09-07T17:51:14.000Z,2024-02-19T19:33:48.869Z
MLA1426514652,MLA,Google Chromecast Google Tv  4k 8gb Snow 2gb De Memoria Ram,1312428764,143638.26,2023-05-30T19:10:29.000Z,2024-02-19T19:33:48.726Z
MLA1119255250,MLA,Chromecast With Google Tv Control Voz 4k 2gb Ram Hdmi Wifi,556508298,94999.0,2022-01-13T15:27:57.000Z,2024-02-27T14:33:47.000Z
MLA1520870424,MLA,Chromecast Smart Tv Netflix Google Tv 4k Hdr Control Remoto,15791495,112500.0,2023-09-27T14:25:41.000Z,2023-12-15T11:26:39.000Z
MLA1151042067,MLA,Google Chromecast With Google Tv De Voz 4k 8gb + Fuente 220!,247639927,125588.0,2022-08-10T23:15:07.000Z,2024-02-27T14:33:39.000Z
MLA871496862,MLA,Google Chromecast 3ra Gen Con Caja Sin Fuente Promo Almagro!,76124792,69999.0,2020-08-03T17:22:49.000Z,2024-02-28T13:11:52.211Z
MLA1164647365,MLA,Google Chromecast 3 Gen Smart Tv Android Hdmi 1080p C/fuente,95691364,188729.74,2022-09-08T14:01:52.000Z,2024-02-27T01:22:14.108Z
MLA1151054712,MLA,Google Chromecast With Google Tv 4 K + Cargador Original,247639927,143993.0,2022-08-10T23:11:54.000Z,2024-02-27T15:27:25.000Z
MLA1385669017,MLA,Google Chromecast  3 Full Hd Media Streaming Negro.,47730324,62999.0,2023-08-30T17:12:02.000Z,2024-02-26T16:37:10.000Z
MLA1217062554,MLA,Google Chromecast With Google Tv  4k 8gb / Catalogue Group,217293820,94999.0,2022-10-28T21:53:29.000Z,2024-02-27T13:15:45.000Z
MLA1660329264,MLA,Xiaomi Mi Box S Mdz-22-ab De Voz 4k 8gb Negro Con 2gb Ram,668916751,180900.0,2024-02-06T17:50:43.000Z,2024-02-16T21:11:55.000Z
MLA1454212392,MLA,Xiaomi Stick 4k Control De Voz 4k 8gb Negro Con 2gbram,668916751,123780.83,2023-07-20T20:34:11.000Z,2024-02-24T22:57:45.000Z
MLA1614481284,MLA,Xiaomi Mi Tv Stick Full Hd 8gb C/control Amazon Color Negro,244531898,156309.0,2023-12-29T17:00:18.000Z,2024-02-27T21:31:26.000Z
MLA1560153506,MLA,Chromecast Google Tv Hd 8gb 2gb Ram Todos Los Accesorios,148027380,100957.0,2023-11-09T13:18:26.000Z,2024-02-16T19:19:48.000Z
MLA637868281,MLA,Google Chromecast 3 Smart Tv Box Original Netflix + Adapt,195827973,149999.99,2016-10-06T20:13:22.000Z,2023-12-29T08:35:13.000Z
MLA1377599259,MLA,Chromecast Con Google Tv Full Hd Ga03131 8gb Control Remoto,774161793,131355.0,2023-07-17T21:54:58.000Z,2024-02-02T18:20:47.000Z
MLA1476355064,MLA,Chromecast4 Smart Tv Netflix Google Tv Voz Control Remoto Hd,37761986,82169.0,2023-08-18T13:07:10.000Z,2024-02-23T17:30:16.000Z
MLA1373419655,MLA,Google Chromecast Tv De Voz 4k 8gb 2gb Ram 6c Horade,1134507620,179999.0,2023-06-14T19:11:59.000Z,2024-02-27T14:29:23.000Z
MLA1400665773,MLA,Xiaomi Mi Tv Stick Full Hd 8gb C/control Amazon Color Negro,244531898,130258.0,2023-12-29T16:56:41.000Z,2024-02-27T21:31:25.000Z
MLA1399512845,MLA,Xiaomi Mi Box S 4k 8gb Storage 2gb Ram C/control Mdz-22-ab,201564269,346086.0,2023-12-19T18:02:51.712Z,2024-02-27T17:44:40.533Z
MLA1437408090,MLA,Google 4ta Gen Fhd Disp Streaming Audio/video C/control,208948246,190500.0,2023-06-23T14:55:46.000Z,2024-02-23T13:00:16.000Z
MLA1401362019,MLA,Google Chromecast 3 Sellado Hdmi Smart Tv Android Ios,150246782,74999.0,2024-01-05T22:36:33.000Z,2024-02-10T12:49:07.000Z
MLA810491546,MLA,Chromecast 3 Gen-18073 Part 009246f,221029166,81990.0,2019-08-21T17:48:01.000Z,2024-02-28T13:12:54.031Z
MLA1397410969,MLA,Chromecast Google Tv Hd 4ta Generación,276508768,119900.0,2023-11-29T22:17:43.000Z,2024-02-24T22:14:05.025Z
MLA1404199063,MLA,Xiaomi Stick 4k Mdz-27-aa De Voz 4k 8gb Negro,208948246,144893.0,2024-01-24T20:07:14.000Z,2024-02-25T19:18:25.000Z
MLA1386212842,MLA,Chromecast 4ta Generación Google Tv Hd Blanco Control Remoto,335872135,79999.0,2023-04-03T14:31:08.000Z,2024-02-24T15:47:39.552Z
MLA1411837989,MLA,Xiaomi Mi Tv Stick Full Hd 8gb C/control Netflix - Amazon,646431940,130000.0,2024-02-27T02:53:51.000Z,2024-02-28T02:05:06.000Z
MLA1170269892,MLA,Conversor Smart Google Chromecast 3.ª Generación Full Hd,688778725,112994.73,2022-09-17T17:13:09.000Z,2024-02-26T17:37:24.468Z
MLA1451292432,MLA,Convertidor Smart Chromecast4 Kanji Hd Control - Aj Hogar,171416757,167825.0,2023-07-17T15:18:16.000Z,2024-01-24T19:09:02.000Z
MLA1659938160,MLA,Google Chromecast 3ra Gen,1148667497,67000.0,2024-02-06T15:46:51.000Z,2024-02-07T10:08:15.000Z
MLA1390256065,MLA,Google Chromecast Full Hd Google Tv Control Remoto 4ta Gen,750301420,108869.05,2023-09-27T15:29:56.000Z,2024-02-28T12:52:04.000Z
MLA1388893071,MLA,Xiaomi Stick 4k Control De Voz 4k 8gb Con 2gb De Memoria Ram,134119519,159635.0,2023-09-19T18:32:18.000Z,2024-02-24T23:45:42.000Z
MLA1121142331,MLA,Tv Box Xiaomi Mi Box S 4k Ultra Hd,668916751,182980.35,2022-01-28T13:25:35.000Z,2024-02-16T21:11:42.000Z
MLA908010344,MLA,Chromecast With Google Tv  De Voz 4k 8gb  Snow  Ram De 2gb,167338436,206670.0,2021-02-11T16:02:32.000Z,2024-02-27T15:27:27.000Z
MLA1174156069,MLA,Tv Stick Xiaomi Hdmi 1080p Andorid Tv Google Netflix Bt Voz,16965300,92140.5,2022-09-22T12:55:34.000Z,2024-02-26T12:06:25.000Z
MLA728618823,MLA,Chromecast Version Miracast Netflix Youtube Spotify Ramos,90583461,149989.99,2018-06-01T18:51:27.000Z,2024-02-28T13:11:51.981Z
MLA1163526604,MLA,Xiaomi Mi Stick Tv 4k Uhd Android Chromecast+ Control Remoto,47277478,131636.63,2022-09-06T17:39:22.000Z,2024-02-28T16:22:57.000Z
MLA1119266983,MLA,Chromecast With Google Tv Control Voz 4k 2gb Ram Hdmi Wifi,176546321,94999.0,2022-01-13T15:03:04.000Z,2024-02-27T14:33:36.000Z
MLA1411647819,MLA,Xiaomi Mi Tv Stick Mdz-24-aa Conversor Smart Tv Android 9 Hd,77842811,101407.0,2024-02-26T13:49:16.000Z,2024-02-27T02:04:33.000Z
MLA1182519332,MLA,Google Chromecast 3ra Generación,340378575,99500.0,2022-10-02T21:30:59.000Z,2024-02-13T13:21:39.593Z
MLA1404237331,MLA,Xiaomi Stick 4k Mdz-27-aa De Voz 4k 8gb Negro,208948246,213121.0,2024-01-24T20:01:17.000Z,2024-02-25T19:29:17.000Z
MLA1119267815,MLA,Chromecast With Google Tv Control Voz 4k 2gb Ram Hdmi Wifi,583145152,132999.0,2022-01-13T15:49:24.000Z,2024-02-27T14:33:39.000Z
MLA1141550367,MLA,Xiaomi Mi Tv Stick Mdz-24-aa De Voz Full Hd 8gb Negro,320124044,231240.0,2022-06-09T02:20:08.000Z,2024-02-27T22:29:52.664Z
MLA1417708640,MLA,Google Chromecast 3 Tv 3ra Generacion Conversor Smart Hdmi,55668421,126515.0,2023-05-16T13:12:46.000Z,2024-02-27T01:22:56.872Z
MLA1383923885,MLA,Google Chromecast 4ta Generación Con Tv De Voz 8gb 4k,287286893,375823.0,2023-08-18T19:07:20.000Z,2024-02-28T13:48:30.000Z
MLA1131155678,MLA,Tv Box Xiaomi Mi Tv Stick,668916751,130238.96,2022-04-07T19:26:40.000Z,2024-02-21T16:01:11.000Z
MLA1663055316,MLA,Chromecast 4 Google Tv Hd 8gb 2gb Ram Wifi Bluetooth-e11,1409986188,119999.0,2024-02-08T18:19:46.000Z,2024-02-27T14:29:24.000Z
MLA1220041782,MLA,Xiaomi Mi Tv Stick Full Hd Smart Android Netflix Amazon +,53971387,124499.0,2022-11-01T01:50:11.000Z,2024-02-28T14:01:02.000Z
MLA1380852363,MLA,Google Chromecast With Google Tv De Voz 4k 8gb 2gb De Ram,568829281,189999.0,2023-07-31T19:36:24.000Z,2024-02-27T14:26:09.000Z
MLA1141550351,MLA,Xiaomi Mi Tv Stick Mdz-24-aa De Voz Full Hd 8gb Negro,320124044,148940.0,2022-06-09T02:14:19.000Z,2024-02-27T22:37:28.092Z
MLA1398611880,MLA,Chromecast Google Ga03131 Google Tv Hd 8gb Blanco Vdgmrs,69608343,99460.0,2023-04-17T19:42:24.000Z,2024-02-26T12:36:26.000Z
MLA1400335498,MLA,Xiaomi Mi Tv Stick Mdz-24-aa Control Voz Full Hd 8gb 1gb Ram,84488765,118998.0,2023-04-19T17:40:06.000Z,2024-02-21T16:01:08.000Z
MLA1605205780,MLA,Chromecast Google With  Tv De Voz 4.ª G 4k 8gb 2gb Ram,1113283119,150000.0,2023-12-20T00:07:33.968Z,2024-02-27T15:13:08.870Z
MLA1166207708,MLA,Google Chromecast 4 4k Hdr Convertidor Smart Google Tv Hdmi,472182447,98690.6,2022-09-10T20:34:32.000Z,2024-02-27T13:15:41.000Z
MLA1464855358,MLA,Google Chromecast Tv De Voz 4k 8gb 2gb Ram 6c Epampa,1408541101,189999.0,2023-08-02T17:51:59.000Z,2024-02-27T14:26:07.000Z
MLA1119254972,MLA,Chromecast Google 4ta Tv Control Voz 4k 2gb Ram Hdmi Wifi,310646112,132999.0,2022-01-13T15:14:45.000Z,2024-02-27T13:16:01.000Z
MLA1396499897,MLA,Google Chromecast 3 Hdmi Streaming Media Player Negro Color,49510138,75275.0,2023-11-21T19:30:33.000Z,2024-02-26T00:53:37.864Z
MLA881235513,MLA,Google Chromecast Ultra 4k Memoria Ram De 1gb Nuevo,309453406,184990.0,2020-09-28T19:58:57.000Z,2024-02-21T14:34:58.000Z
MLA1602717458,MLA,Google Chromcast Snow Hd,308410021,165000.0,2023-12-18T03:23:46.168Z,2024-02-11T14:26:55.648Z
MLA924342731,MLA,Xiaomi Mi Tv Stick De Voz Full Hd 8gb Con 1gb De Memoria Ram,139305690,96179.0,2021-06-07T18:47:19.000Z,2024-02-21T20:03:50.000Z
MLA1262563998,MLA,Google Chromecast With Google Tv De Voz 4k 8gb  2gb Anywhere,223288632,179999.0,2022-11-28T16:56:32.000Z,2024-02-27T15:27:26.000Z
MLA1115386434,MLA,Google Chromecast 3.0 Google Full Hd Carbón Cargador Usb,256263226,95199.0,2021-12-10T10:25:13.000Z,2024-02-28T13:11:52.086Z
MLA1411980573,MLA,Google Chromecast 3ra Gen,165869577,53949.17,2024-02-28T02:30:07.000Z,2024-02-28T15:24:22.000Z
MLA1400973825,MLA,Chromecast Google Tv Hd 8gb 2gb Ram 60 Hdmi 4ta Gen Blanco,35596947,83338.21,2024-01-02T21:38:24.000Z,2024-02-02T16:46:19.000Z
MLA924341937,MLA,Xiaomi Mi Tv Stick De Voz Full Hd 8gb Con 1gb De Memoria Ram,139305690,124719.0,2021-06-07T18:51:56.000Z,2024-02-21T20:03:52.000Z
MLA1506151232,MLA,Android Tv Chromecast Ga00439-br Google Tv Sin Fuente,32331880,166759.0,2023-09-12T20:47:17.000Z,2024-01-26T17:51:51.595Z
MLA1266769818,MLA,Xiaomi Mi Tv Stick Android Tv Mdz-24-aa,134119519,144229.0,2022-12-01T20:29:30.000Z,2024-02-21T16:26:43.000Z
MLA898101986,MLA,Xiaomi Mi Stick Tv Fhd Android Chromecast + Control Remoto,47277478,131636.63,2020-11-20T17:42:16.000Z,2024-02-28T16:36:28.246Z
MLA1389185060,MLA,Google Chromecast 4k Android Tv Control De Voz 2gb Ram,561735131,149999.0,2023-04-06T19:08:09.000Z,2024-02-28T16:45:01.726Z
MLA1150585295,MLA,Google Chromecast 3.ª Generación Full Hd Carbón,83458167,61624.15,2022-08-08T19:14:33.000Z,2024-02-26T16:06:04.000Z
MLA1152348527,MLA,Xiaomi Mi Tv Stick Mdz-24-aa De Voz Full Hd 8gb Negro 1gb,104596984,124999.0,2022-08-12T19:24:40.000Z,2024-02-21T16:30:39.000Z
MLA1370836329,MLA,Xiaomi Mi Box S Control De Voz 4k 8gb  2gb De Memoria Ram,77704302,139900.0,2023-05-23T21:29:49.000Z,2024-02-10T23:38:48.000Z
MLA1405921241,MLA,Google Chromecast  3 256mb Negro Con 512mb De Memoria Ram,166813030,65000.0,2024-02-01T17:07:33.000Z,2024-02-02T13:20:27.000Z
MLA1684608600,MLA,Tv Box Xiaomi Mi Box S Incluye Programa Magic: Partidos Codi,184822780,120000.0,2024-02-28T02:27:29.000Z,2024-02-28T02:27:35.567Z
MLA1401210003,MLA,Google Chromecast  3 Full Hd Media Streaming Negro.,97730425,59000.0,2024-01-04T00:21:51.045Z,2024-02-26T15:39:09.232Z
MLA1109674370,MLA,Xiaomi Mi Tv Stick Mdz-24-aa   Full Hd 8gb 1gb De Memoria,8728693,99000.0,2021-10-26T01:08:05.000Z,2024-02-21T16:04:45.000Z
MLA1437382280,MLA,Google 3ra Chromecast Dispositivo De Streaming D Audio/video,208948246,85500.0,2023-06-23T14:57:20.000Z,2024-02-28T13:12:15.504Z
MLA833139032,MLA,Google Chromecast 3 Tv Full Hd 1080p 3ra Generacion Original,325303103,174000.0,2020-01-05T21:56:49.000Z,2024-02-21T11:47:00.000Z
MLA898102021,MLA,Xiaomi Mi Stick Tv Fhd Android Chromecast + Control Remoto,47277478,212334.69,2020-11-20T17:43:13.000Z,2024-02-28T16:36:30.450Z
MLA1506087550,MLA,Android Tv Chromecast Ga00439-br Google,32331880,95999.0,2023-09-12T20:56:29.000Z,2024-02-23T17:52:52.000Z
MLA1163794492,MLA,Xiaomi Mi Stick Tv 4k Uhd Android Chromecast+ Control Remoto,47277478,212334.69,2022-09-06T17:39:50.000Z,2024-02-28T16:22:56.000Z
MLA1667435914,MLA,Chromecast 4ta Gen Con Google Tv Hd,1678021342,98000.0,2024-02-12T21:48:47.000Z,2024-02-12T21:49:26.000Z
MLA1563139568,MLA,Chromecast Google Tv Hd 8gb 2gb Ram 60 Fps Wifi Sin Fuente,211740430,81900.0,2023-11-13T12:38:58.000Z,2024-02-26T06:07:08.000Z
MLA1437369372,MLA,Google 4ta Generation 4k Disp Streaming Audio/video Control,208948246,202800.0,2023-06-23T14:53:50.000Z,2024-02-21T01:44:25.000Z
MLA1467004096,MLA,Google Chromecast 3 Hdmi Streaming Star+ Disney Netflix Hbo,56599171,109999.0,2023-08-06T03:50:35.000Z,2024-02-27T15:16:48.000Z
MLA1385626851,MLA,Izalo: Google Chromecast 4 With Google Tv Hd Ga03131-us,124358771,70999.0,2023-08-30T14:38:37.000Z,2024-02-23T17:34:03.000Z
MLA1504424630,MLA,Xiaomi Mi Tv Stick De Voz Full Hd 8gb Negro 1gb Ram,132715357,214258.0,2023-09-11T15:25:21.000Z,2024-02-26T15:31:42.000Z
MLA1475941710,MLA,Chromecast4 Smart Tv Netflix Google Tv Voz Control Remoto Hd,37761986,130779.0,2023-08-18T13:10:27.000Z,2024-02-23T17:30:18.000Z
MLA1146854131,MLA,Google Chromecast Nc2-6a5 3.ª Generación Full Hd Carbón,227445377,68992.0,2022-07-14T18:09:38.000Z,2024-01-02T18:18:11.000Z
MLA1330407141,MLA,Mi Tv Stick,64647504,170502.89,2023-02-01T19:43:20.000Z,2024-02-22T14:23:04.000Z
MLA1104393417,MLA,Xiaomi Mi Tv Stick Full Hd 8gb Negro Con 1gb De Ram,160885918,98270.0,2021-09-21T18:41:27.000Z,2024-02-21T16:05:13.000Z
MLA1330818578,MLA,Mi Tv Stick,64647504,124002.1,2023-02-01T19:43:18.000Z,2024-02-22T14:23:00.257Z
MLA919132806,MLA,Xiaomi Mi Tv Stick De Voz Full Hd 8gb Negro 1gb Ram,132715357,143451.0,2021-05-04T18:38:55.000Z,2024-02-21T16:04:54.000Z
MLA833268959,MLA,Google Chromecast 2 Tv Full Hd 1080p 2da Generacion Original,325303103,145800.0,2020-01-06T21:26:34.000Z,2024-02-21T11:46:50.000Z
MLA1392550087,MLA,Chromecast Google Tv Hd 8gb 2gb Ram Wifi Hdmi 4ta Gen Blanco,1294009899,131519.58,2023-10-17T22:25:12.000Z,2024-02-19T15:12:04.000Z
MLA1115424080,MLA,Google Chromecast 3.0 Google Full Hd Carbón Usb Cuo,256263226,127569.0,2021-12-10T10:41:36.000Z,2024-02-28T13:12:45.476Z
MLA1464325364,MLA,Chromecast 4 Tv Hd Ga03131 C/control - Google,87021400,129000.0,2023-08-01T19:07:54.000Z,2024-02-20T20:14:43.237Z
MLA1548712282,MLA,Chromecast 3 Gris Full Hd,149250843,119999.0,2023-10-27T14:12:20.000Z,2024-02-28T12:54:26.861Z
MLA1113177605,MLA,Mi Tv Box Xiaomi S Eu Con Control Remoto,119914491,179990.0,2021-11-20T17:22:13.000Z,2024-02-24T23:08:56.377Z
MLA1580995322,MLA,Google Chromecast Snow Hd,176122620,144300.0,2023-11-29T12:25:11.000Z,2024-02-27T22:11:39.000Z
MLA1683523074,MLA,Chromecast,52030578,34990.0,2024-02-27T00:38:18.000Z,2024-02-27T00:38:28.537Z
MLA1649760738,MLA,Google Chromecast 4 Tv Hdr 4k 4ta Generacion Original Contro,325303103,202800.0,2024-01-30T03:16:43.000Z,2024-02-18T18:01:57.489Z
MLA1394015729,MLA,Google Chromecast 3ra Gen Full Hd,1309372141,131699.0,2023-10-30T19:34:55.000Z,2024-02-23T19:14:52.000Z
MLA1314988978,MLA,Google Chromecast 4 4k Android Tv Netflix Flow Ga01919-us,77842811,127907.0,2023-01-18T11:42:08.000Z,2024-02-21T13:35:30.054Z
MLA1377637915,MLA,Chromecast 4 Google Ga03131 Google Tv Hd 8gb Blanco,216990839,145950.0,2023-07-17T21:50:32.000Z,2024-02-24T14:23:34.000Z
MLA897935288,MLA,Google Chromecast 3 Generacion Nuevo En Caja Hdmi,187140437,73599.0,2020-11-19T16:57:51.000Z,2024-02-28T13:12:38.179Z
MLA1640764054,MLA,Google Chromecast 3,308410021,123000.0,2024-01-23T02:14:46.000Z,2024-02-11T14:31:42.000Z
MLA1512777572,MLA,Google Chromecast,162578377,110000.0,2023-09-20T19:55:37.000Z,2023-12-22T17:25:29.000Z
MLA1367362963,MLA,Convertidor Smart Google Chromecast 4 Hd Google Tv,134749007,103390.6,2023-04-25T13:49:49.000Z,2024-02-23T20:24:01.000Z
MLA1357165699,MLA,Google Chromecast 3.ª Generación Full Hd Color Carbón,223410536,252114.72,2023-02-24T22:05:20.000Z,2024-02-21T11:32:07.000Z
MLA1357307082,MLA,Google Chromecast 3.ª Generación Full Hd Color Carbón,223410536,182005.82,2023-02-24T22:02:07.000Z,2024-02-21T11:33:47.000Z
MLA1146866201,MLA,Google Chromecast 3.ª Generación Full Hd Carbón,227130135,68992.0,2022-07-14T18:17:06.000Z,2024-01-25T17:19:23.000Z
MLA1543883932,MLA,Google Chromecast 3 Hdmi Transmisor Wifi Tablet Pc Ce Ppct,77842811,118631.0,2023-10-23T16:11:11.000Z,2024-02-21T22:44:54.000Z
MLA1669773106,MLA,Xiaomi Tv Stick 4k,76891979,119990.0,2024-02-15T15:11:07.000Z,2024-02-21T16:31:27.000Z
MLA1594839400,MLA,Wecast Chromecast Hdmi Tv Smart,452998268,73931.0,2023-12-11T04:53:22.000Z,2024-02-28T15:20:42.000Z
MLA1594800446,MLA,Wecast Chromecast Hdmi Tv Smart,17269007,73931.0,2023-12-11T05:21:13.000Z,2024-02-24T16:11:06.000Z
MLA1160410860,MLA,Google Chromecast 3.ª Generación Full Hd Carbón,69357869,78045.0,2022-08-30T15:41:42.000Z,2024-02-28T14:12:53.000Z
MLA1320257178,MLA,Google Chromecast 4 Fhd Android Tv Netflix Flow Hbo Disney G,77842811,102116.0,2023-01-25T14:49:15.000Z,2024-02-28T16:28:03.984Z
MLA1314931411,MLA,Google Chromecast 4 4k Android Tv Netflix Flow Ga0191 Ppct,77842811,185466.0,2023-01-18T11:24:37.000Z,2024-02-21T22:42:20.000Z
MLA1400800069,MLA,Xiaomi Tv Stick 4k 2gb Ram,731913774,119999.0,2023-12-30T22:55:18.000Z,2024-02-25T19:07:30.000Z
MLA1381105305,MLA,Mi Tv Stick Xiaomi Android 9.0 Hdr 2k Hdmi - Xiaomi,87021400,135000.0,2023-08-01T19:01:03.000Z,2024-01-09T12:18:28.000Z
MLA1398874119,MLA,Chromecast Google 3ra Generación Caja Sellada Nuevo Original,226384416,74999.0,2023-12-14T03:24:51.000Z,2024-02-23T18:44:09.000Z
MLA1632918372,MLA,Xiaomi Mi Tv Stick Mdz-24-aa Conversor Smart Tv Andro Ppct,77842811,151949.0,2024-01-16T14:58:12.000Z,2024-02-27T02:05:50.000Z
MLA1382470173,MLA,Google Chromecast 4 Con Google Tv Hd Con Control,301416735,89975.0,2023-08-10T10:42:32.000Z,2024-01-30T16:14:47.000Z
MLA1163824083,MLA,Google Chromecast With Google Tv De Voz 4k,184286442,267013.0,2022-09-06T21:46:37.000Z,2024-02-27T15:27:35.000Z
MLA1398977691,MLA,Chromecast Google Con Control Remoto Nuevo Original,226384416,89999.0,2023-12-14T03:28:08.000Z,2024-02-14T11:42:10.000Z
MLA1594774512,MLA,Wecast Chromecast Hdmi Tv Smart,17269007,98056.0,2023-12-11T05:21:14.000Z,2024-02-24T16:11:04.000Z
MLA1149175419,MLA,Xiaomi Mi Tv Stick Convertidor De Smart Mdz-24-aa,301416735,89850.0,2022-08-01T12:22:51.000Z,2024-02-28T16:06:53.000Z
MLA1407235799,MLA,Xiaomi Mi Box S Mdz-22-ab De Voz 4k 8gb Negro Con 2gb Ram,200173511,180000.0,2024-02-06T17:59:32.000Z,2024-02-12T19:07:32.000Z
MLA1364281797,MLA,Google Chromecast Audio Rux-j42 256mb Negro Box,441790337,362370.0,2023-03-29T19:52:35.000Z,2024-02-26T12:42:18.000Z
MLA1145960066,MLA,Control De Repuesto Para Google Chromecast 4k Snow,161008662,218099.0,2022-07-07T14:03:30.000Z,2024-02-26T14:52:24.000Z
MLA826233640,MLA,Google Chromecast 3 Generacion Tv Hdmi En Caja 100% Original,86898163,96000.0,2019-11-19T20:47:10.000Z,2024-02-28T13:11:49.130Z
MLA1386600869,MLA,Xiaomi Mi Tv,441182901,140000.0,2023-09-05T15:18:38.000Z,2024-02-26T15:29:03.000Z
MLA1407194453,MLA,Google Chromecast 3,143125485,87999.0,2024-02-05T18:42:10.000Z,2024-02-28T16:45:03.979Z
MLA1548521690,MLA,Google Chromecast Hd,96270679,85999.0,2023-10-27T14:22:41.000Z,2024-02-23T18:25:45.000Z
MLA1683143304,MLA,Google Chromecast 3ra Gen,1268964604,56999.0,2024-02-26T21:16:39.000Z,2024-02-28T01:19:15.000Z
MLA1629365430,MLA,Google Chromecast Con Google Tv (hd) - Blanco,201150273,79999.0,2024-01-13T04:28:52.300Z,2024-02-09T12:28:18.848Z
MLA1649781850,MLA,Google Chromecast 2,241379102,55000.0,2024-01-30T14:41:51.000Z,2024-02-14T01:48:31.000Z
MLA1314988873,MLA,Google Chromecast 3 Hdmi Transmisor Wifi Tablet Pc Ce Ppct,77842811,119231.0,2023-01-18T11:25:13.000Z,2024-02-28T13:10:39.927Z
MLA1684760964,MLA,Reloj Xiaomi Mi Smart Clock Chromecast Asistente De Google,1076656531,145000.0,2024-02-28T12:42:11.000Z,2024-02-28T16:14:57.000Z
MLA1169845728,MLA,Google Chromecast With Google Tv De Voz 4k 8gb Snow Con 2gb,51905309,130000.0,2022-09-16T18:59:10.000Z,2024-02-27T14:33:41.000Z
MLA733634939,MLA,Chromecast,232846844,179681.16,2018-06-25T15:27:16.000Z,2024-02-08T14:25:54.699Z
MLA1678760328,MLA,Google Chromecast Hd,220329802,76700.0,2024-02-22T20:00:23.000Z,2024-02-28T16:48:00.000Z
MLA1659913082,MLA,Google Chromecast 3 (nuevo),212545501,56000.0,2024-02-06T02:15:19.000Z,2024-02-06T12:17:20.000Z
MLA1314938000,MLA,Google Chromecast 3 Hdmi Transmisor Wifi Tablet Pc Celular A,77842811,82228.0,2023-01-18T11:42:09.000Z,2024-02-28T13:10:34.508Z
MLA1622934986,MLA,Google Chromecast 3,747670844,70000.0,2024-01-08T08:21:13.856Z,2024-02-08T01:53:59.475Z
MLA1391178821,MLA,Google Chromecast 3ra Gen,1405947561,129999.0,2023-10-03T19:20:26.000Z,2024-02-23T18:46:21.000Z
MLA1403225087,MLA,Chromecast Google Tv Hd 8gb 2gb Ram 60 Fps Wifi Bluetooth Hd,316165063,129999.0,2024-01-18T22:46:16.000Z,2024-01-31T15:52:07.000Z
MLA1584462170,MLA,Google Chromecast (3ª Generación) Media Streamer -,1193382169,182016.0,2023-12-01T02:16:00.000Z,2024-02-08T10:29:36.000Z
MLA1648367270,MLA,Chromecast 3a Generacion,81786510,59999.0,2024-01-29T01:02:26.000Z,2024-02-27T20:51:25.000Z
MLA1367622345,MLA,Chromecast 4 Google Smart Tv Control De Voz 4k 8gb Completo,426540971,179999.0,2023-04-26T22:50:56.000Z,2023-12-24T00:32:07.000Z
MLA1447304286,MLA,Google Chromecast 2.ª Generación Amarillo Sin Caja,309453406,69990.0,2023-07-11T13:29:39.000Z,2024-01-11T13:03:06.000Z
MLA1366146805,MLA,Chromecast 3,57198193,70000.0,2023-04-17T03:08:02.000Z,2023-11-24T12:06:13.000Z
MLA1402012051,MLA,Google Chromecast 3 Full Hd Media Streaming Negro Smartv,524687161,66999.0,2024-01-11T09:37:32.000Z,2024-02-06T06:06:29.000Z
MLA1362401055,MLA,Google Chromecast 4 Hd Ga03131-us Google Tv Hd 8gb C/control,204184123,85845.0,2023-03-13T22:15:41.000Z,2024-02-24T13:56:47.675Z
MLA1590074080,MLA,Chromecast Con Google Tv (hd) - Transmisión De,1193382169,133686.0,2023-12-05T19:00:55.000Z,2024-02-15T21:36:01.516Z
MLA1584501104,MLA,Google Chromecast - Dispositivo De Transmisión Con,1193382169,233550.0,2023-12-01T02:16:03.000Z,2024-02-08T12:30:48.000Z
MLA1584384152,MLA,Google Chromecast Con Google Tv (4k) - Streaming,1193382169,175536.0,2023-12-01T02:16:00.000Z,2024-02-08T05:23:04.000Z
MLA1364922361,MLA,Google Chromecast 3.ª Generación Full Hd Carbón Sellado,718637616,64990.0,2023-04-05T21:10:09.000Z,2024-02-17T19:19:58.000Z
MLA1214667801,MLA,Google Chromecast With Google Tv De Voz 4k 8gb,183690376,192600.0,2022-10-27T13:40:51.000Z,2024-02-27T14:26:10.000Z
MLA1340095431,MLA,Google Chromecast Con Google Tv Full Hd Wifi Fact A-b,60246795,129818.44,2023-02-08T18:15:25.000Z,2024-02-28T03:21:48.000Z
MLA1681678702,MLA,Xiaomi Stick 4k Mdz-27-aa De Voz 4k 8gb Negro Con 2gb De Mem,1657306674,65000.0,2024-02-25T16:42:06.000Z,2024-02-28T15:41:39.000Z
MLA1596682034,MLA,Chromecast 1,279389419,64000.0,2023-12-12T21:21:09.000Z,2023-12-27T10:23:34.000Z
MLA1683893098,MLA,Google Chromecast 3ra Gen,175931378,50000.0,2024-02-27T15:10:26.000Z,2024-02-27T15:24:42.000Z
MLA1683892772,MLA,Chromecast 3,392677010,47000.0,2024-02-27T15:01:58.000Z,2024-02-28T15:28:02.000Z
MLA1407316385,MLA,Chromecast 2da Generacion Como Nuevo,139938849,54999.0,2024-02-06T19:19:00.000Z,2024-02-06T19:20:04.626Z
MLA1411244465,MLA,Reproductor Androidtv Xiaomi Mibox 4k Chromecast Shield,103447223,75000.0,2024-02-22T17:37:25.000Z,2024-02-27T19:15:20.000Z
MLA1410198443,MLA,Google Chromecast H2g2-42 1.ª Generación Full Hd 2gb Negro,91292267,39999.0,2024-02-18T18:46:48.000Z,2024-02-27T00:07:49.000Z
MLA1447330590,MLA,Convertidor Smart Tv Google Chromecast 2 Sin Caja Amarillo,309453406,54990.0,2023-07-11T14:04:38.000Z,2024-02-05T16:56:18.000Z
MLA1408429963,MLA,"2 Dispositivos Google Chromecast Gen 2,full Hd, Wifi, Hdmi",35386474,80000.0,2024-02-12T14:42:48.000Z,2024-02-12T14:45:59.276Z
MLA1407482999,MLA,Google Chromecast 2.ª Generación - Negro. Impecable,62808793,60000.0,2024-02-07T15:53:40.000Z,2024-02-23T19:45:00.605Z
MLA1672881112,MLA,Google Chromecast,145257914,45000.0,2024-02-17T18:04:09.000Z,2024-02-18T13:55:18.000Z
MLA1148865029,MLA,Google Chromecast 3.ª Generación Full Hd Carbón,51905309,400000.0,2022-07-29T13:25:54.000Z,2024-02-16T18:51:19.000Z
MLA1676593216,MLA,Google Chromecast 2 - Segunda (2da) Generación,324542042,32000.0,2024-02-21T02:52:20.000Z,2024-02-28T16:15:58.000Z
MLA1614696594,MLA,Chromecast Modelo H2g2-42 Usado Con Detalle,1167229279,50000.0,2023-12-30T17:11:54.000Z,2023-12-30T17:12:03.000Z
MLA1447379338,MLA,Streaming Tv Google Chromecast 2da Gen Sin Caja Amarillo,284824585,69990.0,2023-07-11T13:29:52.000Z,2024-02-28T04:09:08.000Z
MLA1410889201,MLA,Google Chromecast 2 Smart Tv Netflix Usb Bulk Sin Caja,20763598,40000.0,2024-02-20T22:25:44.000Z,2024-02-20T22:25:54.467Z
MLA1659951424,MLA,Google Chromecast Ultra K Negro Impecable Sin Uso,808419369,89000.0,2024-02-06T15:55:55.000Z,2024-02-06T15:56:26.000Z
MLA1410858283,MLA,Google Chromecast 3 Full Hd Color Carbón,81558937,49500.0,2024-02-20T20:43:07.000Z,2024-02-28T02:47:42.000Z
MLA1597455414,MLA,Xiaomi Mi Box S 4k 8gb Negro Con 2gb De Memoria Ram,284824585,99990.0,2023-12-13T14:32:37.000Z,2024-02-21T17:51:13.000Z
MLA1376667203,MLA,Google Chromecast 2 Convertidor Smart Tv Sin Caja Amarillo,284824585,54990.0,2023-07-11T14:04:46.000Z,2024-02-15T00:11:42.000Z
MLA1605257346,MLA,Chromecast Google Hdmi Original,97741121,80000.0,2023-12-20T00:23:37.000Z,2024-02-19T22:33:57.168Z
MLA1673089708,MLA,Chromecast Audio - Imperdible!,7461063,310000.0,2024-02-18T17:39:29.000Z,2024-02-28T12:07:13.067Z
MLA1684615622,MLA,Google Cast 2 Generacion Usado Como Nuevo,1179489751,30000.0,2024-02-27T23:08:00.000Z,2024-02-28T16:43:36.000Z
MLA1403409569,MLA,"Google Chromecast 3ra Gen (poco Uso, Pefecto Estado)",7331620,54999.0,2024-01-20T19:37:06.000Z,2024-02-26T20:03:01.000Z
MLA1658179890,MLA,Google Chromecast 3ra Generación 2019,1612471516,48000.0,2024-02-04T19:37:06.000Z,2024-02-22T14:50:29.000Z
MLA1681615500,MLA,Google Chrome Cast,61870071,55000.0,2024-02-25T18:40:13.000Z,2024-02-25T22:47:27.000Z
MLA1610717196,MLA,Xiaomi Mi Box Tv Mdz 16 Ab 4k 2gb Ram 8gb,71967005,140000.0,2023-12-26T16:31:13.000Z,2024-02-08T01:55:06.711Z
MLA1481678300,MLA,Google Chromecast Caja Vacia Leer,82476959,2500.0,2023-08-24T15:36:35.000Z,2024-02-28T13:12:38.797Z
MLA1447305214,MLA,Convertidor Smart Tv Google Chromecast 2 Amarillo Sin Caja,119914491,54990.0,2023-07-11T14:04:41.000Z,2024-02-05T16:56:29.000Z
MLA1649127888,MLA,Google Chromecast,1657787307,59990.0,2024-01-29T18:20:16.000Z,2024-02-27T11:20:49.000Z
MLA1407082251,MLA,Chromecast,26076480,49000.0,2024-02-05T00:17:03.000Z,2024-02-18T00:32:49.000Z
MLA1411646253,MLA,Google Chromecast 3ra Gen,52049397,48000.0,2024-02-26T12:36:46.000Z,2024-02-28T11:46:48.000Z
MLA1639179390,MLA,Chromecast Segunda Generación,90231444,45000.0,2024-01-21T22:58:59.000Z,2024-02-25T19:08:09.000Z
MLA1402056861,MLA,Google Chromecast Audio Rux-j42 256mb,124156368,219999.0,2024-01-11T14:21:08.000Z,2024-02-28T13:11:46.707Z
MLA1376669285,MLA,Google Chromecast 2da Generación Sin Caja Amarillo,119914491,69990.0,2023-07-11T13:29:55.000Z,2024-02-25T00:02:41.000Z
MLA1411553863,MLA,Chromecast 3era Generación,292415460,49000.0,2024-02-24T20:05:01.000Z,2024-02-27T15:51:02.000Z
MLA1411777575,MLA,Kit Google Home Mini + Chromecast 3 Impecable,171214951,127000.0,2024-02-27T01:01:53.000Z,2024-02-27T02:29:22.000Z
MLA1667461922,MLA,Chromecast Primera Generación,60660141,35000.0,2024-02-12T21:49:39.000Z,2024-02-13T17:19:07.352Z
MLA1407229847,MLA,Google Chromecast 2da Generacion - Usb Con Caja,156742017,60000.0,2024-02-06T00:20:25.000Z,2024-02-06T00:20:33.414Z
MLA1678021028,MLA,Google Chromecast 2 Generacion,34079491,39000.0,2024-02-22T14:25:23.000Z,2024-02-22T14:32:12.000Z
MLA1634168538,MLA,Chromecast 3 Gen Streaming,43167796,48000.0,2024-01-17T13:42:57.000Z,2024-02-23T16:47:10.822Z
MLA1608803348,MLA,Google Chromecast 3ra Generación Impecable,94405734,60000.0,2023-12-24T14:55:10.000Z,2024-02-19T18:50:50.000Z
MLA1406705183,MLA,Chromecast Audio,7231549,125000.0,2024-02-03T13:50:31.000Z,2024-02-10T14:11:03.035Z
MLA1683840848,MLA,Google Chromecast | 2da Gen | Fullhd,517419835,40000.0,2024-02-27T14:53:21.000Z,2024-02-28T13:15:13.901Z
MLA1401424901,MLA,Chromecast 2 Google,60544852,48000.0,2024-01-05T21:11:03.000Z,2024-01-31T15:38:19.920Z
MLA1672495580,MLA,"Chromecast 3 Inmaculado, Super Oportunidad",3138134,53000.0,2024-02-17T14:03:21.000Z,2024-02-17T14:18:18.789Z
MLA1681628566,MLA,Google Chromecast Google Tv 4.ª  4k Control Xvoz 8gb 2gb Ram,419322729,85000.0,2024-02-25T18:47:10.000Z,2024-02-25T18:47:26.865Z
MLA1673108330,MLA,Google Chromecast 3 Gen Full Hd Streaming Hdmi  Color Carbón,194595595,45000.0,2024-02-18T00:23:53.000Z,2024-02-23T13:32:39.000Z
MLA1411563729,MLA,Google Chromecast,7862936,35000.0,2024-02-24T18:23:33.000Z,2024-02-24T18:50:02.000Z
MLA1410115085,MLA,Google Chromecast 3ra Gen Como Nuevo,181475832,47000.0,2024-02-17T22:57:51.000Z,2024-02-19T23:43:00.000Z
MLA1673062068,MLA,Tv Box Android+ Teclado Bluetooth Manual,80711506,44000.0,2024-02-18T15:01:10.000Z,2024-02-18T15:01:39.000Z
MLA1404201515,MLA,Chromecast Audio Rux-j42,38326912,100000.0,2024-01-24T20:50:30.000Z,2024-02-28T13:13:04.522Z
MLA1664964042,MLA,Google Chromecast Usado Impecable,1034507587,55000.0,2024-02-10T12:25:07.000Z,2024-02-14T14:11:24.148Z
MLA1674681284,MLA,Mi Box,1136038729,100000.0,2024-02-19T17:57:51.000Z,2024-02-19T17:58:50.546Z
MLA1408696915,MLA,Chromecast 2,8988230,40000.0,2024-02-13T18:56:19.000Z,2024-02-13T18:56:29.675Z
MLA1631907112,MLA,Xiaomi Mi Box S,96814251,90000.0,2024-01-15T17:16:23.000Z,2024-01-22T15:14:18.000Z
MLA1402439441,MLA,Google Chromecast,52662722,60000.0,2024-01-14T00:00:25.935Z,2024-01-30T20:17:59.210Z
MLA1681611994,MLA,Google Chromecast 3.a Generación Ga00439 - Carbón,154768362,48000.0,2024-02-25T14:37:23.000Z,2024-02-25T14:39:10.593Z
MLA1683833408,MLA,Chromecast Con Google Tv 4k 60hz + 2 Fundas Control Remoto,61736666,80000.0,2024-02-27T11:36:48.000Z,2024-02-27T12:30:41.082Z
MLA1662109272,MLA,Google Chromecast 3ra Gen,22327521,46000.0,2024-02-08T00:01:22.000Z,2024-02-08T00:01:32.370Z
MLA1407532121,MLA,Google Chromecast Nc2 6a5,32209136,40000.0,2024-02-08T01:26:20.000Z,2024-02-08T01:26:43.281Z
MLA1649848660,MLA,Google Chromecast 3ra Generación Con Cable Usb,157308121,48000.0,2024-01-30T15:25:19.000Z,2024-02-28T13:12:00.744Z
MLA1411584121,MLA,Xiaomi Mi Box S Mdz-22-ab De Voz 4k 8 Gb Negro Con 2gb Ram,172194880,81000.0,2024-02-25T16:21:02.000Z,2024-02-25T16:21:08.634Z
MLA1403670873,MLA,Chormecast 3ra Generacion,93961606,59000.0,2024-01-23T00:44:34.000Z,2024-02-18T22:13:42.902Z
MLA1668539226,MLA,Google Chromecast,716346354,75000.0,2024-02-14T14:16:04.000Z,2024-02-14T20:02:54.000Z
MLA1404237727,MLA,Google Chromecast 3 Gen Original Smart Tv Hdmi Netflix Bulk,46326309,52000.0,2024-01-24T20:08:26.000Z,2024-01-24T20:08:38.000Z
MLA1405360579,MLA,Google Chromecast  3 Full Hd Media Streaming Negro.,47309446,48000.0,2024-01-29T09:49:17.000Z,2024-02-28T13:12:56.000Z
MLA1400890195,MLA,Google Chromecast 3ra Generación,232107547,60000.0,2024-01-01T18:33:42.290Z,2024-02-08T06:22:09.838Z
MLA1681603668,MLA,Google Chromecast 2 Smart Tv Netflix Usb - Sin Caja,90174460,37999.0,2024-02-25T19:37:28.000Z,2024-02-25T19:37:33.000Z
MLA1639132172,MLA,Google Chromecast 3 Negro,201190057,54999.0,2024-01-22T03:10:06.000Z,2024-02-28T13:12:38.730Z
MLA1411543161,MLA,Google Chromecast 3ra Generación,41607221,56899.0,2024-02-24T21:43:42.000Z,2024-02-24T21:43:51.110Z
MLA1405302705,MLA,Google Chromecast  3 Full Hd Media Streaming,12985060,50000.0,2024-01-29T14:11:25.000Z,2024-01-29T14:12:13.892Z
MLA1649142412,MLA,Google Chromecast 3ra Generación Con Fuente Original,93907742,54900.0,2024-01-29T19:08:36.000Z,2024-01-29T19:09:19.365Z
MLA1645473268,MLA,Chromecast,414638637,50000.0,2024-01-26T14:34:56.000Z,2024-01-26T14:36:47.000Z
MLA1406299845,MLA,Google Chromecast Audio Rux-j42 256mb,124156368,199999.0,2024-02-02T15:02:04.000Z,2024-02-02T15:02:10.000Z
MLA1682383016,MLA,Google Chromecast Hd,177420788,70000.0,2024-02-26T15:29:42.000Z,2024-02-28T02:58:43.628Z
MLA1615829090,MLA,Google Chromecast Full Hd,23324828,50000.0,2024-01-01T02:25:46.000Z,2024-01-15T13:21:48.000Z
MLA1664963138,MLA,Google Chromecast (3ra Generación),760839622,60000.0,2024-02-10T07:17:36.000Z,2024-02-11T06:17:16.295Z
MLA1645499706,MLA,Chromecast,414638637,50000.0,2024-01-26T14:39:33.000Z,2024-02-08T01:15:17.000Z
MLA1673912768,MLA,Google Chromecast 2 Smart Tv Netflix Usb Bulk Sin Caja,44141292,49999.0,2024-02-19T12:51:07.000Z,2024-02-19T12:51:18.465Z
MLA1407460821,MLA,Chromecast Ultra 4k,4163243,75000.0,2024-02-07T18:06:59.000Z,2024-02-07T18:09:17.569Z
MLA1411459683,MLA,Google Chromecast 2 Smart Tv Netflix Usb Bulk Sin Caja,44024320,37000.0,2024-02-24T16:27:38.000Z,2024-02-24T17:19:41.000Z
MLA1408989965,MLA,Chromecast Google,255385693,30000.0,2024-02-14T16:40:20.000Z,2024-02-25T19:28:54.000Z
MLA1401727917,MLA,Chromecast 3 Generación,70062419,50000.0,2024-01-08T23:14:49.000Z,2024-01-09T12:16:47.000Z
MLA1680844236,MLA,Google Cromecast 3era Generación Color Carbón,74889746,48000.0,2024-02-23T22:26:09.000Z,2024-02-23T22:26:19.608Z
MLA1670255600,MLA,Chromecast,95636735,45000.0,2024-02-15T20:10:19.000Z,2024-02-15T20:20:57.853Z
MLA1684582846,MLA,Tv Box Stick Xiaomi,184822780,70000.0,2024-02-28T02:31:50.000Z,2024-02-28T02:32:36.993Z
MLA1402349049,MLA,Google Chromecast 3ra Gen,62152714,50000.0,2024-01-12T17:46:07.000Z,2024-01-12T17:46:44.000Z
MLA1400885035,MLA,Google Chromecast Tv,187463486,58000.0,2024-01-02T02:42:46.000Z,2024-02-28T13:11:49.198Z
MLA1405430283,MLA,Chromecast Xiaomi Mibox,93907742,80000.0,2024-01-29T19:13:03.000Z,2024-01-29T19:13:32.751Z
MLA1402544529,MLA,Chromcast 3,190113188,40000.0,2024-01-15T09:33:53.000Z,2024-02-11T06:40:56.000Z
MLA1663111032,MLA,Chromecast Ultra,86894940,53000.0,2024-02-08T13:58:08.000Z,2024-02-08T13:58:14.953Z
MLA1402607215,MLA,Google Chromecast 2,402697773,40000.0,2024-01-15T12:33:26.000Z,2024-01-15T12:34:24.000Z
MLA1649142674,MLA,Google Chromecast,93907742,60000.0,2024-01-29T19:15:53.000Z,2024-01-29T19:17:25.000Z
MLA1411968799,MLA,Xioami Mi Tv Stick Fhd,16629723,69900.0,2024-02-27T19:20:50.000Z,2024-02-27T19:21:00.658Z
MLA1637573700,MLA,Chromecast 3,22468082,45000.0,2024-01-20T15:44:16.000Z,2024-01-20T15:47:07.000Z
MLA1405408579,MLA,Google Chromecast 3ra Generación Con Fuente Original,1657787307,48990.0,2024-01-29T18:50:34.000Z,2024-02-27T11:20:49.000Z
MLA1660960466,MLA,Chromecast 3era Generación,93952048,55000.0,2024-02-07T12:53:33.000Z,2024-02-21T14:24:46.000Z
MLA1676389828,MLA,Chromecast Nc2-6a5,418900729,30000.0,2024-02-20T22:41:45.000Z,2024-02-23T14:14:04.866Z
MLA1406717523,MLA,Google Chromecast,209776473,45000.0,2024-02-03T18:31:19.000Z,2024-02-10T22:25:06.416Z
MLA1400806957,MLA,Xiaomi Mi Tv Stick Full Hd 8gb C/control Netflix - Amazon,575828997,65415.0,2023-12-31T16:30:00.000Z,2024-01-28T17:03:32.000Z
MLA1671991120,MLA,Chromecast,63740342,40000.0,2024-02-16T20:54:32.000Z,2024-02-16T20:54:42.799Z
MLA1681691968,MLA,Cromecast 2da Generación,54918926,55000.0,2024-02-25T17:20:37.000Z,2024-02-25T17:38:50.727Z
MLA1410144893,MLA,Chromecast 3era Generación,59010165,49000.0,2024-02-18T18:34:18.000Z,2024-02-18T18:35:30.348Z
MLA1630665694,MLA,Google Chromecast,91858202,50000.0,2024-01-14T19:09:17.729Z,2024-01-31T20:25:16.766Z
MLA1404241507,MLA,Chromcast,160672435,58000.0,2024-01-24T17:45:24.000Z,2024-01-24T17:46:13.000Z
MLA1401878503,MLA,Google Chromecast Smart Tv Netflix,82859204,50000.0,2024-01-10T13:09:11.000Z,2024-02-15T21:49:54.005Z
MLA1662019638,MLA,Google Chromecast 3ra Generación Hdmi,23829504,47000.0,2024-02-07T19:22:03.000Z,2024-02-23T13:59:45.000Z
MLA1402750971,MLA,Chromecast Tv Google Exc Estado - Transferencia Contenido,101047062,35000.0,2024-01-16T16:32:38.998Z,2024-02-19T22:38:35.064Z
MLA1400993997,MLA,Google Chromecast 3era Gen,15093753,65000.0,2024-01-02T19:49:28.000Z,2024-02-28T13:11:54.842Z
MLA1408412059,MLA,Google Chromecast,9868678,42000.0,2024-02-12T00:08:21.000Z,2024-02-13T02:13:45.000Z
MLA1667738562,MLA,Chromecast 2 Hd,133479953,45000.0,2024-02-13T00:54:05.000Z,2024-02-20T13:56:09.766Z
MLA1402250689,MLA,Xiaomi Stick 4k Mdz-27-aa De Voz 4k 8gb Negro 2gb Ram,182056116,100000.0,2024-01-12T20:48:37.000Z,2024-01-22T16:08:53.000Z
MLA1406884509,MLA,Xiaomi Mi Box S De Voz 4k 8gb Negro Con 2gb De Memoria Ram,180231491,87999.0,2024-02-03T23:23:14.000Z,2024-02-15T20:45:15.351Z
MLA1620396590,MLA,Google Chromecast Modelo Nc2-6a5,153769782,50000.0,2024-01-05T09:23:49.000Z,2024-01-31T23:35:46.875Z
MLA1402069471,MLA,Chromecast...,243166413,35000.0,2024-01-11T14:01:41.000Z,2024-02-21T16:32:38.000Z
MLA1625147004,MLA,Chromecast Xiaomi Mi Tv Stick,674527160,75000.0,2024-01-10T02:00:52.000Z,2024-02-27T00:36:27.000Z
MLA1626492066,MLA,Google Chromecast 3ra Gen (sin Uso) Perfecto Estado,97730425,46000.0,2024-01-10T19:36:58.688Z,2024-02-23T18:25:41.606Z
MLA1615911968,MLA,Google Chromecast Con Google Tv De Voz 4.ª Generación 4k,57233981,90000.0,2023-12-31T19:41:25.000Z,2024-02-25T01:13:28.000Z
MLA1640314626,MLA,Chromecast 3ra Gen,641589741,55000.0,2024-01-22T21:02:11.000Z,2024-01-31T20:35:31.034Z
MLA1684475708,MLA,Chromecast Google Primera Generación,39777283,35000.0,2024-02-27T21:09:19.000Z,2024-02-27T21:12:48.539Z
MLA1407427733,MLA,Chromecast 3,6448921,50000.0,2024-02-07T14:52:39.000Z,2024-02-21T18:08:50.000Z
MLA1410562583,MLA,Google Chromecast 3 Hdmi Streaming En Caja -,285926226,66000.0,2024-02-19T20:11:27.000Z,2024-02-28T13:12:04.384Z
MLA1620358714,MLA,Google Chromecast  3 Full Hd Media Streaming Negro.,398851539,52000.0,2024-01-05T12:26:47.000Z,2024-02-04T04:22:00.000Z
MLA1402614097,MLA,Caja De Google Chromecast 3 Solo Caja,68212033,6000.0,2024-01-15T15:07:15.000Z,2024-01-15T16:29:15.000Z
MLA1640370762,MLA,Xiaomi Mi Box S,116759027,90000.0,2024-01-22T23:49:31.000Z,2024-01-22T23:49:35.000Z
MLA1662001312,MLA,Xiaomi Mi Tv Box S Control De Voz 4k 8gb Con 2 Gb De Ram,39777283,90000.0,2024-02-07T21:24:03.000Z,2024-02-21T23:56:27.000Z
MLA1626488856,MLA,Google Chromecast 3ra Gen,97730425,44000.0,2024-01-11T00:49:24.057Z,2024-02-13T23:29:24.433Z
MLA1670706748,MLA,Cromecast Ultra 4k,25944722,50000.0,2024-02-16T12:05:50.000Z,2024-02-16T12:05:50.000Z
MLA1630759688,MLA,Google Chromecast 2 Generacion Full Hd,1279996788,35000.0,2024-01-14T21:57:49.680Z,2024-02-08T00:00:52.834Z
MLA1678004394,MLA,Chromecast Original Google Hdmi Usb Todas Las Apps Streaming,35048130,50000.0,2024-02-22T12:14:01.000Z,2024-02-28T13:12:10.688Z
MLA1407481381,MLA,Google Chromecast  3 Full Hd Media Streaming Color Carbón,38345984,60000.0,2024-02-07T15:09:40.000Z,2024-02-07T15:47:46.264Z
